person_id,dq2_1,dq2_2,dq2_3,dq2_4,dq2_5,dq2_6,dq2_7,dq2_8,dq2_9,dq2_10,dq3_1,dq3_2,dq3_3,dq4_1,dq4_2,dq4_3,dq4_4,dq5_1,dq5_2,dq5_3,dq5_4,dq5_5,dq5_6,dq6_1,dq6_2,dq6_3,dq7_1,dq7_2,dq7_3,dq7_4,dq8_1,dq8_2,dq8_3,dq8_4,dq8_5,dq9_1,dq9_2,dq9_3,dq9_4,dq10_1,dq10_2,dq16,dq22_1,dq22_2,dq22_3,dq22_4,dq22_5,dq22_6,dq23_1,dq23_2,dq23_3,dq23_4
114467207,1,4,5,5,4,2,2,4,1,1,4,4,4,3,3,4,4,2,1,1,1,2,1,5,4,4,3,2,3,2,3,4,4,4,4,4,4,2,1,3,3,1,4,4,5,5,4,4,3,3,3,2
114467208,2,4,5,2,2,4,2,4,4,1,3,2,3,1,2,3,1,2,1,2,1,2,2,4,4,4,2,1,2,2,2,4,4,4,3,5,4,3,2,1,2,2,4,4,4,4,4,5,1,1,3,2
114467209,2,5,1,5,2,1,5,5,5,1,1,1,2,4,2,4,1,3,1,1,2,1,1,5,4,5,3,3,3,4,4,4,4,4,4,5,5,5,5,4,4,1,2,2,2,2,2,2,3,3,1,1
114467210,4,2,5,4,4,2,1,1,1,1,4,3,3,1,1,3,4,2,2,1,2,2,1,1,1,1,2,1,2,2,1,3,3,2,2,3,3,2,1,1,2,2,4,5,5,4,4,4,1,1,4,2
114467211,5,4,4,4,1,4,5,5,5,1,1,1,2,3,3,4,1,3,1,1,1,2,1,5,4,4,2,2,2,3,4,4,4,4,4,5,5,5,5,3,3,1,2,3,2,2,2,3,3,3,2,3
114467212,2,5,2,5,1,4,5,5,5,1,1,1,1,3,2,3,1,3,2,1,3,3,1,5,4,4,2,1,3,3,2,4,5,4,3,5,5,3,5,2,4,1,3,5,4,5,4,4,2,2,3,2
114467213,5,1,5,4,5,2,1,1,1,1,4,4,4,1,2,3,3,1,1,2,1,2,1,1,1,1,2,1,2,2,2,3,2,2,2,3,3,2,1,2,2,2,4,4,4,4,4,4,2,2,1,2
114467214,1,2,2,5,5,5,1,1,1,1,4,4,4,3,3,3,4,2,1,1,1,2,1,5,4,4,2,1,2,2,4,4,4,4,4,3,3,2,2,3,3,1,4,4,4,5,3,4,3,3,2,3
114467215,2,2,5,4,2,2,2,2,2,1,3,2,3,3,2,3,2,2,2,2,2,2,1,2,2,2,2,2,2,2,3,3,4,3,3,5,3,3,2,2,3,2,3,4,3,3,3,4,2,2,2,1
114467216,4,1,5,1,1,1,5,1,5,5,1,1,1,2,2,3,1,1,1,1,1,3,1,4,2,1,3,2,2,3,4,4,4,3,3,5,5,5,5,3,3,2,1,2,1,1,2,2,3,3,1,1
114467217,1,1,4,4,4,4,1,1,1,1,4,4,4,2,3,3,4,2,1,1,1,2,1,4,4,4,4,2,3,2,3,4,4,4,4,4,3,3,2,3,3,1,4,5,4,4,4,4,2,2,2,3
114467218,4,2,5,4,2,2,2,1,1,1,3,1,2,2,3,3,4,2,2,2,1,2,1,1,1,1,2,2,2,3,3,4,4,3,3,5,5,5,3,3,3,2,4,4,3,3,3,4,2,3,4,3
114467219,2,2,2,5,4,5,1,1,1,1,4,4,3,3,4,4,3,1,1,1,1,2,1,4,4,4,2,2,2,2,4,4,3,4,4,3,5,3,2,3,2,3,2,3,2,3,2,3,3,3,1,2
114467220,5,1,5,4,3,2,2,1,1,1,3,2,2,2,2,3,2,2,2,2,2,2,1,1,1,1,2,2,2,3,2,3,3,3,3,4,3,3,2,2,3,2,4,4,4,4,4,4,3,3,4,3
114467221,1,2,1,4,5,4,1,5,1,1,4,4,4,1,1,4,4,1,1,1,1,1,1,5,4,4,1,1,2,2,2,3,2,3,4,3,3,2,1,3,2,1,2,3,3,3,3,3,2,2,4,2
114467222,2,2,5,2,2,1,5,2,4,1,2,1,2,2,3,3,1,2,2,2,1,3,1,2,2,2,2,2,3,3,1,4,4,4,4,5,5,5,5,1,3,2,4,5,4,5,4,4,1,1,4,3
114467223,1,2,5,4,5,4,1,4,1,1,4,3,4,2,3,4,1,2,1,1,1,1,1,5,4,4,2,2,2,2,4,4,4,4,4,3,3,3,2,3,2,1,2,2,2,2,2,2,3,3,1,1
114467224,4,1,4,4,4,3,1,1,2,1,4,3,3,2,3,3,2,2,2,2,2,2,1,4,2,4,3,2,3,3,2,4,4,4,4,5,3,2,1,2,3,2,3,3,3,3,3,4,2,3,3,3
114467225,4,1,5,2,4,2,1,1,1,1,4,4,3,1,3,3,4,2,2,1,2,2,1,1,1,1,2,1,2,3,3,4,4,4,4,5,4,2,2,2,3,2,4,5,4,5,3,5,3,3,3,3
114467226,4,1,2,4,5,4,1,1,1,1,4,4,4,1,1,4,3,1,1,1,1,1,1,4,4,4,2,1,2,2,3,4,4,3,4,4,3,3,2,2,2,1,2,3,2,3,3,2,2,3,2,2
114467227,4,1,5,4,4,3,1,1,1,1,4,3,4,1,2,3,2,2,2,1,1,2,1,2,1,2,2,1,2,2,1,3,3,3,2,3,3,2,1,1,2,2,4,4,4,4,3,3,2,1,3,2
114467228,1,2,5,5,2,2,5,4,4,1,2,1,1,1,1,3,1,1,1,1,1,2,1,5,5,4,2,1,2,3,4,4,4,4,3,5,5,5,5,3,3,1,2,2,2,2,2,3,3,2,2,2
114467229,2,2,5,2,1,1,4,2,4,5,2,2,2,1,3,2,1,2,2,2,1,2,1,4,4,4,2,1,3,3,1,4,4,4,4,5,5,3,4,1,2,2,2,3,2,3,3,3,1,2,4,3
114467230,5,1,5,2,2,2,1,1,1,1,4,2,2,2,2,3,2,1,1,2,1,2,1,2,1,1,3,3,3,3,1,4,3,3,3,5,4,3,3,2,3,2,2,3,2,2,2,3,1,2,4,3
114467231,5,2,5,2,1,2,2,1,1,1,2,3,2,1,3,2,3,2,2,2,1,2,1,1,1,1,3,2,2,2,2,4,3,3,3,5,3,3,3,2,3,2,4,5,5,4,3,5,2,3,3,2
114467232,2,4,2,4,2,4,2,4,4,1,2,2,2,1,3,3,1,3,2,2,2,2,1,4,4,4,2,1,3,2,1,4,4,4,4,4,3,3,2,2,3,3,3,5,4,4,4,5,2,2,3,2
114467233,5,4,2,4,2,2,4,4,4,5,2,1,1,3,3,3,1,3,2,2,2,2,1,4,4,4,3,2,3,3,3,4,4,4,4,5,5,5,5,3,3,2,3,3,3,3,2,3,2,3,3,3
114467234,2,4,1,4,4,4,1,4,1,1,4,3,4,2,2,4,4,4,1,1,1,3,1,5,4,5,1,1,2,1,3,3,3,4,4,3,3,3,2,3,3,1,3,5,4,4,4,5,3,3,2,1
114467235,2,5,5,4,4,4,2,5,3,1,4,3,4,3,3,3,4,2,2,1,1,2,1,5,4,4,1,2,1,3,4,4,4,4,4,5,5,5,3,3,3,1,2,3,3,3,2,3,3,3,1,1
114467236,1,5,1,4,4,4,1,4,1,1,4,4,4,3,1,3,4,3,1,1,1,1,1,4,4,5,3,1,2,1,3,4,3,4,3,5,3,2,1,3,2,3,2,3,2,3,3,3,3,2,2,1
114467237,2,2,5,2,2,2,2,1,2,2,2,2,2,1,2,3,1,2,2,2,1,2,1,2,2,2,2,2,2,3,1,3,4,3,2,5,5,2,2,1,2,2,3,3,3,3,3,3,1,1,3,2
114467238,2,4,2,4,1,4,4,4,4,5,2,1,2,1,1,4,1,1,1,1,1,3,1,5,4,5,2,1,3,3,3,4,4,4,4,5,5,5,3,2,3,1,2,3,3,2,3,3,2,2,3,2
114467239,4,1,5,2,2,2,2,1,2,1,3,2,2,2,3,3,4,2,2,2,2,2,2,1,1,1,2,2,2,3,2,3,3,3,3,5,4,3,2,2,3,2,4,5,5,5,3,4,3,3,2,3
114467240,2,4,5,1,1,4,4,2,4,4,2,1,2,2,3,2,1,2,2,2,2,2,1,2,1,1,2,2,2,3,1,4,4,3,2,5,5,5,3,1,3,2,3,4,3,4,3,3,2,2,2,1
114467241,2,2,4,4,3,2,2,2,4,1,3,2,3,1,1,3,3,2,2,2,2,2,2,4,2,2,2,1,2,3,2,4,4,3,4,5,3,3,2,2,2,2,4,4,4,5,4,4,2,2,3,2
114467242,5,1,5,2,2,2,2,1,2,2,2,2,2,2,2,2,1,2,2,1,2,2,2,1,1,1,2,2,2,2,3,4,4,3,3,5,4,3,3,2,2,2,4,5,4,4,4,4,3,3,2,3
114467243,2,2,5,2,2,2,2,2,2,1,3,2,2,2,2,2,2,2,2,2,2,2,1,1,1,1,1,1,2,2,1,3,3,3,2,3,3,3,2,1,2,2,4,5,5,5,4,5,2,1,2,2
114467244,2,2,5,4,4,2,1,2,2,1,2,2,3,2,2,3,2,2,2,2,2,2,1,2,2,2,2,1,2,2,1,3,4,3,3,4,3,3,2,2,2,2,4,4,4,4,4,4,2,2,2,2
114467245,4,1,5,1,1,2,4,2,4,2,2,1,2,1,2,3,1,2,2,2,2,2,1,1,1,1,2,2,2,3,1,4,4,3,3,5,4,3,5,2,3,2,4,5,4,5,3,5,1,1,3,3
114467246,2,1,4,5,4,4,1,2,1,1,4,3,4,2,2,4,2,2,1,1,1,1,1,5,4,5,4,2,3,3,4,4,4,4,4,5,5,3,2,3,3,1,2,2,2,2,2,2,3,3,2,3
114467247,2,4,1,5,4,4,1,2,1,1,4,4,4,3,3,3,1,2,2,1,1,2,1,4,4,4,2,1,1,2,4,4,4,4,4,3,3,3,2,2,2,2,3,3,3,3,3,3,2,3,2,3
114467248,2,5,1,4,1,4,5,4,5,5,1,1,1,3,3,4,1,2,1,2,2,4,1,4,4,4,4,3,3,3,4,4,4,4,4,5,5,5,5,3,3,1,3,3,3,3,2,3,3,3,1,3
114467249,4,1,5,4,1,1,4,2,4,1,4,1,3,2,2,2,1,2,1,1,1,2,1,4,4,4,3,1,2,3,3,4,4,4,4,5,4,5,3,2,2,2,2,3,2,3,2,2,2,2,3,3
114467250,2,1,5,2,1,1,4,2,4,2,1,1,1,1,1,2,2,2,1,1,1,2,1,4,2,2,3,3,3,3,1,4,4,4,3,5,5,5,5,2,3,2,2,2,1,2,2,3,2,2,3,3
114467251,2,4,2,4,2,4,5,2,4,5,1,1,2,3,1,3,1,2,1,2,2,2,1,5,4,4,2,1,1,2,4,4,4,4,4,5,5,3,3,1,3,1,2,3,2,2,2,2,3,3,1,1
114467252,3,2,4,4,4,4,2,1,2,1,3,3,2,3,3,3,3,2,2,1,2,2,1,2,2,2,4,3,3,3,3,4,4,4,4,5,5,5,2,2,3,3,4,4,4,4,3,3,3,3,3,3
114467253,2,1,5,2,1,2,4,2,4,1,2,1,1,1,3,3,1,2,2,2,1,2,2,4,3,2,4,3,4,4,1,4,4,4,4,5,5,3,2,3,3,2,4,4,4,4,4,4,1,1,3,3
114467254,2,2,5,4,1,2,4,2,4,1,2,2,3,3,3,3,1,2,2,2,2,2,1,2,2,1,2,2,3,3,4,4,4,4,4,5,5,3,3,2,3,2,3,3,3,3,3,3,3,3,1,2
114467255,2,4,2,5,4,4,1,4,1,1,4,4,4,2,2,3,1,2,1,1,2,2,1,4,4,4,2,1,2,2,3,4,4,4,4,3,3,2,2,2,2,1,4,5,4,5,4,5,2,2,2,2
114467256,2,2,5,2,1,1,4,1,4,4,2,1,1,2,3,2,2,2,2,2,1,2,1,1,1,1,3,3,3,3,1,3,4,2,2,5,5,5,5,1,3,2,4,4,4,4,4,4,2,1,4,2
114467257,4,2,5,4,4,2,1,1,1,1,4,4,4,1,1,3,3,2,2,1,1,2,1,2,2,2,1,1,2,2,1,3,3,3,2,3,3,2,2,1,2,2,4,4,4,4,4,4,2,1,3,2
114467258,2,4,4,2,1,2,4,2,4,2,2,2,1,2,2,2,2,2,2,2,2,2,1,1,1,2,2,2,3,3,1,4,4,3,3,5,5,5,3,1,3,2,4,4,4,4,4,4,2,2,3,2
114467259,1,2,5,2,2,2,2,2,2,2,2,2,3,1,2,2,2,2,2,2,2,2,1,2,1,1,2,2,2,2,1,4,4,3,2,4,4,3,2,1,3,2,4,5,4,5,4,5,1,2,3,2
114467260,2,2,2,4,2,4,5,2,5,2,1,1,2,2,4,3,1,3,1,2,1,2,1,4,4,4,3,3,3,4,3,4,5,4,4,5,5,5,5,3,4,3,4,4,3,4,3,4,2,2,3,4
114467261,2,4,5,4,1,2,5,4,4,4,1,1,1,3,3,3,1,2,2,1,1,2,1,4,4,4,2,2,3,3,3,4,4,4,4,5,5,5,5,2,3,2,3,3,3,3,3,3,2,2,2,2
114467262,2,2,5,4,2,2,2,2,4,1,2,1,2,2,3,3,1,2,2,2,2,2,2,2,1,2,2,2,2,3,1,3,3,3,3,4,3,2,2,1,2,2,3,4,4,4,3,4,2,2,3,3
114467263,2,4,2,4,4,4,1,4,2,1,4,3,3,2,3,3,1,2,2,2,2,2,1,4,4,4,1,2,2,2,3,4,4,4,4,5,3,2,2,2,2,2,4,5,4,4,4,5,3,2,2,2
114467264,4,2,5,2,1,1,4,2,4,2,1,1,2,2,3,3,1,2,2,2,2,2,1,2,2,2,3,2,3,3,1,4,4,4,4,5,5,4,2,1,3,2,4,5,4,5,3,4,2,1,4,3
114467265,1,5,2,4,5,4,4,4,4,1,3,1,4,3,4,4,4,3,1,3,2,2,1,5,4,4,3,2,3,2,3,4,4,4,4,5,5,5,3,3,3,2,3,3,3,3,3,3,3,3,2,2
114467266,5,2,5,2,2,1,4,2,2,1,3,2,2,1,3,2,3,2,2,2,2,2,2,1,1,1,2,2,2,3,2,4,4,3,3,5,4,3,2,2,2,2,4,4,4,5,3,5,2,2,4,2
114467267,5,1,5,4,4,1,1,1,1,1,4,3,4,2,2,3,4,2,2,1,1,2,1,1,1,1,2,1,2,2,1,3,3,2,2,3,3,2,1,1,2,2,4,5,4,4,4,5,1,2,4,3
114467268,2,2,5,2,1,2,4,2,4,2,2,2,2,2,2,3,1,2,1,2,1,2,1,2,1,2,2,2,2,2,2,4,4,3,3,5,4,3,2,2,2,2,2,3,2,3,3,3,2,2,2,2
114467269,4,2,5,2,1,2,4,1,4,5,1,2,1,3,3,3,1,2,1,1,2,2,1,4,2,1,3,3,3,4,3,4,4,4,3,5,5,5,5,3,3,1,2,3,3,3,2,3,2,3,2,2
114467270,2,4,2,4,1,4,4,5,4,4,2,1,1,1,3,3,1,2,1,1,2,2,1,4,2,4,3,2,2,2,1,3,4,4,2,5,5,3,5,3,4,3,3,3,3,3,4,4,2,2,4,2
114467271,2,2,4,4,4,2,1,1,2,1,3,2,1,3,3,3,1,2,2,2,2,2,1,4,1,2,2,2,2,1,3,4,4,3,4,5,3,5,2,2,3,2,3,3,3,3,3,3,3,3,1,1
114467272,1,5,2,4,4,2,1,4,1,1,4,4,3,1,1,3,1,2,1,1,2,2,1,4,4,4,2,1,2,2,1,4,4,4,4,3,3,2,2,2,2,3,3,3,3,3,3,3,1,1,3,2
114467273,2,4,2,4,4,2,2,2,2,1,3,3,3,1,1,4,1,2,2,1,1,2,2,4,4,4,1,1,2,2,1,3,4,3,4,3,3,2,2,1,2,1,3,3,3,3,3,4,1,1,4,2
114467274,2,4,4,5,2,4,5,4,5,1,1,1,1,3,3,3,1,3,1,1,1,2,1,5,5,5,3,3,2,3,4,4,4,5,4,5,5,5,5,3,3,3,2,3,2,2,2,2,3,3,2,3
114467275,4,2,5,2,2,2,4,2,4,2,3,1,2,3,3,3,2,2,2,2,2,2,1,2,2,2,3,3,2,3,3,4,4,4,4,5,5,5,3,2,3,2,4,4,4,4,4,4,3,3,4,3
114467276,2,2,5,4,4,4,1,1,1,1,4,3,4,2,2,3,3,2,2,2,2,2,1,2,1,2,2,2,2,2,2,3,3,3,3,4,3,3,2,2,2,2,3,3,3,3,3,4,2,2,3,2
114467277,5,1,5,2,2,2,2,1,3,2,2,2,1,2,2,3,1,2,1,1,1,2,1,4,4,4,4,3,2,3,3,4,4,4,4,5,5,5,3,2,3,2,2,3,2,2,2,2,2,2,1,3
114467278,2,2,4,2,2,4,1,2,2,1,3,3,3,1,2,3,2,2,2,2,2,2,1,4,2,2,1,1,2,2,1,3,3,3,3,4,3,2,2,1,2,2,4,5,4,5,4,4,1,1,4,1
114467279,2,4,5,4,4,4,2,1,4,1,4,3,2,3,4,3,1,3,1,1,1,2,1,5,4,4,3,3,3,3,4,4,5,4,4,5,5,5,2,3,3,1,3,2,3,3,3,3,3,3,1,2
114467280,4,1,5,2,4,2,1,1,1,1,4,3,3,1,2,2,4,2,2,2,1,2,1,1,1,1,2,1,2,2,1,3,3,2,2,4,3,2,1,2,2,2,4,5,4,5,4,5,1,1,4,2
114467281,5,1,5,1,2,1,2,1,4,1,2,1,1,1,2,2,1,2,2,1,1,2,1,1,1,1,2,2,2,3,2,4,4,3,3,5,5,5,3,1,3,2,2,3,3,3,3,3,2,2,2,3
114467282,1,2,4,2,2,2,2,2,4,1,1,2,3,2,3,3,1,2,2,2,2,2,2,4,2,2,2,2,3,3,1,4,4,4,4,3,4,3,2,2,2,2,4,4,4,4,3,4,2,2,3,3
114467283,5,1,5,1,1,1,4,2,4,2,1,1,1,2,2,3,3,2,2,2,2,2,1,2,1,1,3,2,2,3,2,4,4,3,3,5,5,3,3,1,3,2,4,3,4,3,3,4,2,2,2,3
114467284,5,1,5,2,4,2,2,2,2,2,4,2,1,2,3,2,1,2,1,2,2,1,1,2,2,2,2,2,2,3,3,4,4,4,3,5,5,3,3,2,3,2,3,3,3,3,3,3,3,3,2,2
114467285,2,5,1,4,1,5,5,5,5,5,1,1,1,3,4,2,2,3,1,2,1,3,1,5,5,5,3,3,3,3,4,4,5,4,4,5,5,5,5,3,3,3,2,3,3,3,3,3,3,3,1,2
114467286,3,1,5,5,5,2,1,1,1,1,3,3,3,2,2,3,4,2,1,2,1,1,1,4,3,2,3,2,2,2,3,4,3,4,4,3,3,3,1,2,2,2,3,3,3,3,2,3,3,3,2,3
114467287,2,4,2,1,1,4,5,5,4,2,1,1,1,3,3,4,1,2,2,3,2,2,1,4,4,4,3,2,3,3,1,4,5,4,4,5,5,5,5,3,3,3,3,3,3,3,3,3,1,3,3,3
114467288,1,4,2,1,1,1,5,4,4,2,1,1,1,1,3,1,1,2,2,2,2,2,1,2,1,1,2,3,3,3,1,4,5,3,3,5,5,5,5,1,4,2,5,5,5,5,4,5,2,1,3,3
114467289,2,2,5,4,4,4,1,1,2,1,4,2,3,2,3,3,2,2,2,2,2,2,1,2,2,1,2,2,2,2,2,3,3,3,3,4,4,3,2,2,2,2,4,4,3,4,4,4,2,2,3,2
114467290,2,5,5,5,2,4,5,5,5,5,1,1,1,3,4,4,1,3,1,1,1,2,1,5,5,5,3,3,3,3,4,4,5,4,4,5,5,5,5,3,4,3,1,2,2,2,2,2,3,3,1,1
114467291,4,1,5,2,2,1,2,1,1,1,2,2,1,1,3,1,4,2,1,1,2,2,1,2,1,1,3,2,3,3,2,4,4,3,3,5,4,3,2,1,2,2,3,3,2,3,2,3,2,2,3,3
114467292,2,2,5,2,2,1,4,2,4,2,2,2,3,3,2,2,1,2,2,2,2,2,1,2,1,1,2,2,2,3,1,3,3,3,3,5,3,3,3,2,2,2,3,4,3,3,3,4,1,2,4,3
114467293,2,4,1,4,4,4,1,4,2,1,4,2,3,2,2,3,1,2,1,1,2,3,1,4,4,4,1,1,2,2,1,3,4,4,3,3,3,2,2,1,2,3,4,5,4,5,4,4,2,1,2,1
114467294,2,1,4,5,5,4,1,1,1,1,4,3,4,3,3,4,4,1,1,1,1,1,1,5,5,4,3,3,3,4,4,4,4,4,4,4,3,3,1,3,3,3,2,2,2,2,2,2,3,3,1,1
114467295,2,4,5,1,1,1,4,5,5,4,1,1,1,1,3,3,1,2,2,2,1,2,1,4,4,2,2,1,2,3,1,4,4,4,4,5,5,3,3,1,3,3,4,5,5,5,4,5,1,1,4,3
114467296,2,4,1,5,1,4,5,5,5,4,1,1,1,3,3,4,1,2,1,1,1,2,1,5,5,5,2,3,3,3,4,5,5,5,4,5,5,5,5,3,3,3,1,2,1,2,2,2,2,3,1,1
114467297,2,2,5,1,1,1,4,1,4,4,1,1,1,1,2,2,1,2,2,2,2,2,1,1,1,1,3,2,2,3,1,3,4,3,2,5,5,3,5,1,3,2,5,5,5,5,4,5,1,1,4,3
114467298,1,4,2,4,2,4,4,4,5,1,1,2,1,2,3,4,1,2,1,2,1,2,1,5,4,4,2,2,3,2,2,4,4,4,3,5,5,5,3,2,3,1,4,4,4,4,4,4,3,2,2,2
114467299,2,5,1,4,5,4,1,4,1,1,4,3,4,1,3,4,4,2,1,1,2,2,1,5,5,5,2,2,2,2,2,4,4,4,4,4,3,2,2,2,2,3,3,4,4,4,4,4,2,2,2,2
114467300,1,5,2,5,4,4,1,4,2,1,4,1,1,3,3,4,2,1,1,1,1,2,1,5,4,5,2,2,3,1,3,4,4,4,4,5,5,5,3,2,3,3,3,3,3,3,3,3,2,2,1,1
114467301,1,5,1,4,1,4,5,5,4,5,1,1,1,3,4,3,1,3,1,3,2,3,1,5,5,5,3,3,3,3,1,4,5,4,4,5,5,5,5,2,3,1,3,3,3,3,3,3,2,3,2,3
114467302,2,4,2,4,4,4,1,5,1,1,4,2,3,2,3,4,3,2,1,2,1,2,1,4,4,4,2,2,2,2,2,4,4,4,4,4,3,2,2,2,2,3,3,3,3,3,3,3,2,2,1,1
114467303,4,1,5,4,4,4,1,1,1,1,4,3,3,1,2,3,3,2,1,1,1,2,1,2,2,2,2,2,2,2,3,4,4,3,4,3,3,2,1,2,3,2,4,5,5,5,4,5,2,2,4,3
114467304,2,1,2,4,4,4,1,1,1,1,4,4,4,1,1,3,4,2,1,1,2,2,1,4,2,2,2,1,2,2,1,3,3,3,3,3,2,2,1,1,1,2,4,4,5,5,4,5,1,1,3,2
114467305,5,1,4,5,1,5,5,2,5,5,1,1,2,3,3,3,1,2,1,1,1,1,1,5,4,4,4,3,3,3,4,4,4,4,4,5,5,5,5,3,4,3,2,2,2,2,2,2,3,3,1,3
114467306,1,4,3,4,4,4,2,2,2,2,3,1,1,3,3,4,1,3,2,2,2,2,1,5,3,4,4,2,3,3,2,4,4,4,4,5,4,3,3,1,3,3,4,5,5,5,3,5,3,3,3,3
114467307,2,2,5,4,4,4,1,4,1,1,4,3,3,2,3,3,2,2,1,2,2,2,1,4,2,1,1,1,2,2,3,3,3,4,3,4,3,3,2,2,2,3,3,4,4,5,3,4,3,2,1,1
114467308,5,1,5,4,4,1,1,1,1,1,4,4,3,2,2,3,4,2,1,1,1,2,1,1,1,1,3,2,2,3,3,4,3,3,3,5,4,3,2,2,3,2,3,3,3,3,3,3,2,3,2,2
114467309,1,5,2,4,1,4,4,4,5,2,1,1,1,3,3,3,1,3,2,2,3,3,1,4,4,4,3,3,2,3,3,4,5,4,4,5,5,5,3,2,3,3,4,5,4,4,3,5,3,3,2,3
114467310,2,2,5,4,4,4,1,1,1,1,3,1,2,1,1,3,1,2,2,2,2,2,1,2,2,2,2,1,2,2,1,4,4,3,3,3,3,3,2,2,2,2,5,5,4,4,4,5,2,2,3,3
114467311,2,4,4,1,1,2,4,2,5,5,1,1,1,1,3,3,1,2,2,2,1,2,1,2,2,2,3,2,2,3,2,4,5,4,3,5,5,5,5,2,3,2,3,4,3,3,3,3,2,2,2,2
114467312,5,2,2,4,4,4,2,2,2,1,2,2,3,3,3,3,1,2,1,1,1,2,1,4,4,4,3,2,2,3,2,3,3,4,3,5,3,3,2,3,3,3,2,3,2,3,2,2,2,1,1,2
114467313,2,5,3,4,2,4,2,2,4,1,1,1,2,3,3,4,1,3,2,2,3,2,1,4,4,5,3,2,2,3,3,4,4,4,4,5,5,3,3,3,3,3,4,5,4,5,3,5,3,3,2,3
114467314,1,2,4,4,5,4,1,4,1,1,4,4,4,3,3,3,4,2,1,1,1,1,1,4,4,4,3,2,2,2,3,4,4,4,3,4,3,3,1,3,3,3,3,3,3,3,3,3,2,2,3,2
114467315,2,2,1,5,5,4,1,2,1,1,4,3,3,3,3,3,1,2,2,2,2,2,1,5,4,4,2,2,2,2,1,4,4,4,4,4,3,3,2,2,3,3,5,5,5,5,4,5,2,2,3,3
114467316,4,1,5,2,2,1,1,1,1,2,2,2,2,2,2,3,1,2,1,2,1,2,1,2,1,1,2,2,2,2,1,4,4,3,3,5,4,3,2,2,2,2,3,4,3,3,3,3,2,2,2,3
114467317,1,4,5,4,2,4,5,4,5,5,1,1,1,3,3,4,1,1,1,1,1,1,1,5,5,5,3,3,3,3,4,4,4,4,4,5,5,5,5,3,3,3,2,2,2,2,2,2,3,3,1,2
114467318,2,4,2,5,4,2,1,4,1,1,4,3,4,1,1,4,4,1,2,1,1,2,2,5,4,4,2,1,2,2,1,4,4,4,4,3,3,2,1,1,1,2,3,3,3,3,3,3,1,1,4,3
114467319,2,1,5,2,2,4,4,2,4,4,1,2,2,2,3,3,1,2,2,2,2,3,2,2,1,2,3,2,3,3,3,4,4,3,3,5,5,5,5,1,3,3,4,4,4,4,3,4,3,2,2,2
114467320,1,4,2,4,2,2,1,2,2,1,3,3,3,2,2,3,2,2,2,2,2,2,1,2,2,2,2,1,2,2,1,3,3,3,3,4,3,3,2,1,2,2,3,5,5,5,4,4,1,2,3,2
114467321,4,1,5,4,5,2,1,1,1,1,3,3,4,2,2,3,4,2,1,1,1,2,1,2,1,1,3,2,3,3,3,3,3,3,3,3,3,3,2,3,3,2,2,3,2,2,3,3,3,2,1,1
114467322,4,1,5,1,1,2,4,1,4,4,1,1,1,3,3,3,1,2,1,2,2,2,1,2,1,1,2,3,3,3,3,3,4,3,3,5,5,5,5,2,3,2,3,3,3,3,2,3,3,2,1,2
114467323,4,1,5,4,4,4,1,1,2,2,4,4,4,3,3,4,2,2,1,1,1,2,1,5,4,5,3,2,2,3,3,4,4,4,4,5,3,2,2,3,3,3,2,2,2,2,2,2,2,2,1,2
114467324,4,1,5,2,4,2,1,2,2,2,3,3,2,2,3,3,3,2,1,2,2,2,1,1,1,2,3,3,2,3,3,4,4,3,3,5,5,3,2,2,3,2,4,4,4,5,3,4,3,3,3,3
114467325,2,2,5,2,1,1,4,1,4,4,1,1,1,1,3,2,1,2,1,1,1,2,1,4,2,2,2,2,2,3,1,3,4,3,2,5,5,3,3,2,3,2,2,3,2,3,3,3,2,2,2,2
114467326,5,1,5,2,1,1,2,1,2,2,2,1,2,2,3,3,2,2,2,2,2,2,1,1,1,1,3,3,2,3,3,4,4,3,3,5,5,5,3,2,3,2,4,5,4,4,3,4,3,3,2,3
114467327,1,5,1,4,5,5,2,5,5,1,1,4,4,3,4,4,1,1,1,1,3,3,1,5,4,4,1,2,3,3,3,4,5,4,4,5,5,5,5,3,3,3,3,4,3,4,3,4,3,3,1,1
114467328,2,2,4,2,2,4,2,2,2,1,2,2,3,2,2,3,2,2,2,2,2,2,1,1,1,1,1,2,2,2,1,3,4,3,2,4,3,3,2,1,2,3,3,4,4,4,4,4,2,1,3,2
114467329,4,1,5,4,2,3,1,2,2,1,4,2,3,1,2,3,4,2,2,2,1,2,1,2,2,1,3,2,2,2,1,3,3,2,2,5,5,2,2,1,3,2,5,5,5,5,5,4,1,1,4,3
114467330,4,2,5,4,4,2,1,2,1,2,4,3,3,2,2,3,2,2,2,2,2,2,1,2,1,1,1,1,2,2,1,3,3,3,2,3,3,3,2,2,2,2,4,5,5,5,4,5,2,2,2,2
114467331,2,5,1,4,4,4,4,2,4,1,3,1,1,3,3,4,1,2,1,1,1,2,1,5,4,4,3,2,3,3,2,4,4,4,3,5,5,5,3,3,3,3,4,4,4,4,4,4,2,1,2,3
114467332,2,2,5,4,4,2,2,1,4,1,2,3,3,3,3,3,2,2,1,1,1,2,1,4,4,4,2,2,2,3,3,4,4,4,3,5,5,3,2,2,3,3,2,3,2,3,3,2,2,2,1,2
114467333,2,4,2,4,4,4,1,4,3,1,3,3,4,2,3,4,4,2,2,2,2,3,1,5,4,5,4,2,3,2,2,4,4,4,4,5,3,2,1,3,3,3,4,4,4,4,3,4,2,2,1,3
114467334,2,4,5,4,2,4,4,1,4,1,4,1,3,2,3,3,1,1,1,2,1,2,1,4,4,4,3,3,2,3,2,4,4,4,4,5,5,3,3,2,3,3,3,4,3,4,3,4,2,2,3,3
114467335,2,2,5,1,2,2,2,2,4,2,1,1,1,2,2,3,1,2,2,2,2,3,1,2,2,2,3,2,2,2,1,4,4,4,3,5,4,3,2,2,3,3,3,4,4,4,4,4,1,1,3,3
114467336,5,1,5,2,1,2,1,1,2,1,2,1,2,3,3,3,4,2,1,2,1,2,1,1,1,1,3,2,2,2,1,3,3,3,2,5,5,3,3,2,3,3,4,4,4,4,4,4,3,2,2,2
114467337,4,1,5,2,2,1,1,1,1,1,3,2,2,2,2,2,2,2,1,1,1,2,1,2,1,1,2,2,2,2,1,4,3,3,2,3,4,3,2,1,2,2,3,3,2,3,3,3,2,2,1,2
114467338,2,4,1,5,5,4,1,4,2,1,4,3,4,2,1,3,4,1,1,1,1,1,1,4,4,4,3,2,2,2,2,3,3,3,4,4,4,3,2,3,3,3,2,2,2,2,2,2,3,2,1,1
114467339,5,1,5,1,1,1,4,2,4,4,3,1,1,4,3,3,2,1,1,1,1,2,1,4,4,4,3,3,2,3,4,4,4,4,4,5,5,5,5,3,3,3,2,2,2,2,2,2,3,3,1,2
114467340,1,1,2,4,5,4,1,1,1,1,4,3,4,2,2,3,4,2,1,1,1,2,1,4,4,4,2,2,2,2,3,3,3,4,3,3,3,3,1,2,3,3,3,3,3,3,3,3,2,2,2,2
114467341,2,1,5,4,1,4,5,1,4,5,1,1,1,3,3,4,1,3,1,1,1,3,1,4,2,2,4,3,3,3,3,4,4,4,3,5,5,5,5,3,4,3,2,3,3,3,3,3,3,3,1,2
114467342,4,2,5,1,1,1,4,1,4,5,1,1,1,1,3,1,1,2,1,1,1,2,1,2,1,1,3,3,3,3,1,3,4,2,2,5,5,3,3,1,3,3,2,3,2,2,2,3,1,1,3,3
114467343,4,2,5,4,4,2,1,1,1,2,3,2,3,2,3,3,1,1,2,2,1,2,1,2,1,1,3,2,2,3,1,3,3,2,2,5,5,3,2,2,3,3,4,4,4,4,3,4,2,2,4,2
114467344,4,2,5,2,1,4,4,2,4,4,2,1,2,2,3,3,1,2,2,2,2,2,1,2,1,1,3,3,3,3,1,3,4,3,2,5,5,5,5,1,3,3,5,5,5,5,4,5,2,2,3,2
114467345,1,4,5,1,1,4,5,4,5,5,1,1,1,3,1,2,1,2,1,2,2,2,1,2,1,2,3,3,2,4,1,4,4,3,3,5,5,5,5,2,3,3,3,4,3,3,4,4,1,2,4,3
114467346,5,2,5,4,2,2,2,2,4,1,2,2,1,2,1,4,1,2,1,1,1,2,1,4,2,4,3,3,3,4,3,4,4,4,4,5,5,5,2,2,3,3,3,3,3,3,2,3,2,2,2,3
114467347,4,2,5,4,4,4,1,1,1,1,4,3,4,2,3,3,4,2,1,1,1,2,1,4,4,4,3,2,2,3,3,4,4,4,4,4,3,2,2,2,2,2,4,4,4,4,3,4,2,2,4,3
114467348,4,2,4,2,2,2,2,1,2,2,3,2,2,2,3,3,2,2,2,2,1,2,1,2,1,1,3,2,2,2,1,3,4,3,3,5,3,3,2,1,2,2,3,4,3,4,3,4,2,2,3,2
114467349,4,1,5,4,2,4,4,2,4,2,3,1,1,3,3,3,1,2,2,1,1,2,1,2,1,1,2,3,2,2,3,4,4,3,3,5,5,5,3,2,3,2,3,3,3,3,4,3,3,3,2,2
114467350,2,1,5,2,1,1,4,1,4,4,1,2,2,2,3,3,1,2,1,2,1,2,1,2,1,1,4,3,3,4,1,4,4,3,3,5,5,3,3,1,2,2,4,5,5,4,4,4,1,2,4,3
114467351,1,5,2,4,4,4,4,4,4,5,1,1,1,2,1,2,1,1,1,1,1,2,1,5,5,5,4,3,1,3,1,4,5,4,4,5,5,3,2,1,2,3,2,2,2,3,2,2,1,1,4,3
114467352,2,2,5,1,1,1,4,2,4,2,1,1,1,2,4,2,1,2,1,2,2,2,1,4,1,2,2,2,2,3,1,4,4,4,4,5,5,3,3,2,3,2,3,3,3,3,3,3,1,2,3,3
114467353,1,5,1,4,2,4,1,4,4,1,1,1,1,1,1,4,1,1,1,1,1,3,1,5,4,5,3,3,3,2,1,3,3,4,3,5,5,3,3,2,3,1,3,5,4,4,4,4,1,2,3,3
114467354,2,2,5,4,4,4,1,4,2,1,2,3,3,2,2,3,3,1,1,1,1,1,1,4,4,4,3,3,2,3,3,4,4,4,4,5,5,3,2,3,2,3,2,3,2,2,2,2,2,2,1,2
114467355,2,2,2,4,2,4,2,4,4,1,3,1,3,2,1,4,1,1,1,1,1,2,1,5,4,4,4,3,2,3,2,4,4,4,4,5,5,5,2,2,2,3,3,3,3,3,3,3,1,2,4,3
114467356,2,5,2,5,4,4,1,4,2,1,3,3,1,3,3,4,4,3,1,2,1,2,1,4,4,4,3,3,3,2,3,3,3,4,3,5,5,3,3,3,3,3,3,3,3,3,3,4,3,3,2,2
114467357,5,1,5,1,1,1,4,1,4,2,1,1,2,1,2,2,1,2,1,2,2,2,1,2,1,1,3,3,2,3,1,3,3,2,2,5,3,5,3,1,3,2,3,3,3,3,3,3,1,2,4,2
114467358,2,2,5,1,1,1,4,2,4,5,1,1,1,1,3,1,1,2,1,2,1,2,1,4,2,2,3,3,2,3,1,4,4,4,2,5,5,5,4,1,3,3,2,3,2,3,3,3,1,2,3,2
114467359,4,2,5,4,4,4,1,1,2,2,3,3,1,3,3,3,4,2,2,2,2,2,1,2,3,2,4,3,3,4,4,4,4,4,4,5,5,5,2,3,3,3,4,5,4,4,3,3,3,3,4,3
114467360,2,5,5,4,1,2,5,4,5,4,1,1,1,1,3,2,1,1,2,1,1,3,1,4,4,4,3,3,3,3,2,4,4,4,3,5,5,5,5,1,3,2,3,4,4,5,4,4,3,3,3,2
114467361,4,1,5,2,1,1,2,1,4,2,2,1,2,1,2,2,1,2,1,2,1,2,1,2,1,1,3,2,2,3,1,4,4,3,2,5,5,5,2,2,3,2,3,3,3,3,3,3,1,2,3,3
114467362,5,1,5,4,4,1,1,1,1,1,3,3,2,1,3,3,4,2,2,2,1,2,1,1,1,1,3,2,2,2,1,4,3,3,2,5,4,3,2,2,2,2,4,5,5,5,3,4,2,2,4,3
114467363,5,2,5,2,5,2,1,2,1,1,3,2,3,1,1,2,4,2,1,1,2,2,1,1,1,1,3,2,2,3,3,4,4,3,3,3,3,3,2,2,2,2,3,4,4,3,3,3,3,3,3,3
114467364,2,1,5,2,2,2,4,4,4,2,2,1,1,3,3,4,1,1,2,2,1,2,1,4,4,4,4,3,2,4,1,4,4,4,3,5,5,5,2,2,3,3,3,3,3,3,3,3,1,2,4,3
114467365,5,1,5,2,1,2,1,1,2,1,1,1,1,1,1,3,1,2,1,2,1,2,1,2,1,1,3,2,3,2,1,3,3,3,2,5,4,5,2,1,2,2,2,3,3,3,3,3,2,2,3,2
114467366,4,2,5,1,1,2,4,2,5,5,1,1,1,2,4,1,1,1,1,1,1,2,1,4,4,4,4,4,2,4,4,4,4,4,4,5,5,5,5,2,3,3,2,2,2,2,2,2,2,2,4,3
114467367,4,1,5,4,4,2,1,1,1,1,3,3,4,2,2,3,2,2,1,1,1,2,1,4,2,2,4,2,2,3,4,4,4,4,3,5,3,3,2,2,2,2,3,3,2,3,3,3,2,3,2,2
114467368,2,1,5,2,4,2,1,1,2,2,3,1,3,1,3,2,1,2,1,2,1,2,1,4,2,2,4,3,2,3,1,4,4,4,3,5,5,3,2,2,3,3,3,3,3,3,3,3,1,2,3,4
114467369,1,3,2,4,1,4,4,3,4,5,1,1,1,3,3,3,2,2,2,2,2,2,1,4,1,1,4,4,3,4,3,4,5,4,4,5,5,5,5,2,3,3,5,5,5,5,3,4,3,3,3,3
114467370,2,1,5,4,4,2,1,1,2,2,2,3,2,2,3,3,3,2,1,2,2,2,1,2,2,4,3,3,3,3,3,4,4,3,3,5,3,3,2,2,3,3,3,3,3,3,3,3,2,2,4,3
114467371,1,5,1,2,1,5,5,5,5,5,1,1,1,3,4,4,2,2,1,2,1,3,1,5,4,5,4,3,3,4,4,4,4,4,4,5,5,5,5,1,3,3,2,3,2,2,2,2,2,3,1,3
114467372,4,1,5,4,2,4,4,2,4,1,1,2,1,2,3,2,1,1,1,1,1,2,1,4,4,4,3,2,2,3,4,4,4,4,4,5,5,5,2,2,3,3,2,3,1,2,2,2,2,3,3,3
114467373,5,1,5,4,4,2,1,1,2,4,2,2,2,2,2,3,1,1,1,2,1,1,1,4,2,2,3,3,3,3,3,3,4,3,3,5,5,5,2,2,3,3,2,2,1,2,2,2,2,2,2,3
114467374,4,1,5,2,4,2,1,1,1,1,2,2,3,2,2,2,4,2,1,2,1,2,1,1,1,1,3,3,2,2,1,4,3,2,2,5,4,5,1,1,2,2,4,4,4,4,3,4,1,2,4,3
114467375,2,4,5,2,1,2,5,4,5,4,1,1,1,2,3,2,1,2,1,2,2,3,1,4,4,4,3,3,2,3,2,4,5,4,4,5,5,5,3,2,3,3,3,3,3,3,3,3,2,2,2,3
114467376,1,5,2,4,1,4,5,4,5,5,1,1,1,3,3,2,1,2,1,1,1,4,1,4,2,5,3,4,3,3,3,4,4,3,2,5,5,5,5,1,4,3,2,3,3,3,4,3,3,2,4,2
114467377,4,1,5,4,4,1,1,2,2,2,2,4,2,1,2,2,2,2,1,1,1,2,1,4,2,2,3,2,1,2,1,4,4,3,4,3,3,2,1,1,2,2,3,3,2,3,3,3,1,2,4,3
114467378,2,1,5,5,4,4,1,2,1,1,4,4,4,3,3,4,1,1,1,1,1,2,1,5,4,4,2,2,2,2,3,3,4,4,4,5,3,3,2,2,3,3,4,5,4,4,3,4,3,2,2,2
114467379,4,2,5,2,1,1,5,2,4,5,1,1,1,1,2,1,2,2,2,2,2,2,2,1,1,1,3,3,3,3,1,4,4,3,3,5,5,3,5,1,3,2,4,4,3,3,3,4,2,2,3,3
114467380,5,1,5,5,4,4,1,2,1,1,4,4,4,2,2,3,4,1,1,1,1,1,1,4,4,4,3,2,2,2,4,4,4,3,4,4,3,3,2,2,2,3,2,3,2,2,2,2,2,2,2,3
114467381,1,4,1,5,2,4,5,5,5,1,1,1,1,3,2,3,1,2,1,2,2,2,1,5,4,5,3,3,2,3,4,4,4,4,4,5,5,5,5,3,3,3,2,3,2,2,3,3,2,2,1,2
114467382,4,2,5,4,4,4,3,4,4,1,3,1,1,3,3,3,2,2,2,1,2,2,1,4,4,4,3,3,2,3,2,4,4,4,4,5,5,5,3,2,3,2,3,3,3,3,2,3,3,3,4,3
114467383,4,2,5,2,2,2,2,2,2,2,1,1,2,3,3,3,2,2,1,2,2,2,1,2,1,1,3,2,2,3,1,3,3,3,2,5,4,3,2,2,2,2,3,3,3,3,3,4,2,2,2,2
114467384,4,1,5,2,4,2,1,1,1,1,4,3,3,2,3,3,3,2,2,2,1,2,1,1,1,1,2,2,2,2,1,3,3,2,2,4,3,3,2,1,2,2,4,4,5,4,5,4,1,2,3,2
114467385,2,2,4,2,4,1,1,1,2,2,3,2,3,1,3,1,1,2,1,2,2,2,1,2,2,1,3,2,2,2,1,3,4,3,3,5,4,3,2,1,2,2,3,4,3,3,3,3,1,1,4,3
114467386,4,2,5,2,4,2,4,1,2,5,2,1,1,2,3,3,2,2,2,2,2,2,1,1,1,1,2,2,2,3,2,4,4,3,3,5,5,3,2,2,2,2,4,5,5,5,4,5,2,3,4,3
114467387,2,2,5,2,4,4,2,1,2,2,3,2,2,2,2,2,2,2,2,2,2,2,1,2,1,1,2,2,2,2,1,3,3,3,2,3,4,3,2,1,2,2,3,4,4,4,3,4,2,2,2,2
114467388,5,1,5,1,1,1,4,1,4,5,1,1,1,2,2,2,1,1,1,1,1,2,1,2,1,1,4,3,2,3,1,4,3,3,2,5,5,5,5,2,3,3,2,2,2,2,2,2,2,2,2,2
114467389,5,1,5,1,2,1,1,1,4,2,2,1,2,1,3,2,1,2,1,1,1,2,1,2,1,1,3,2,2,3,1,3,4,3,3,5,3,3,2,1,2,2,3,3,3,3,3,3,2,2,3,2
114467390,2,2,5,4,4,4,1,2,5,2,3,3,2,2,1,3,1,2,1,1,1,2,1,4,4,4,3,2,2,3,2,4,4,4,3,5,3,3,2,3,3,3,3,3,3,3,3,3,2,2,3,2
114467391,2,5,2,5,2,4,4,4,4,2,1,1,1,3,4,3,1,2,2,1,2,3,1,5,4,4,4,3,3,3,3,4,4,4,4,5,5,3,3,3,3,3,3,3,3,3,3,3,3,3,2,3
114467392,5,1,5,4,2,2,5,2,4,5,1,1,1,2,3,3,1,1,1,1,1,2,1,4,2,2,3,3,3,3,4,4,4,4,4,5,5,5,3,3,3,3,2,2,2,2,2,2,3,3,2,3
114467393,2,2,5,4,4,4,1,1,2,2,3,3,3,1,3,3,3,2,2,2,1,2,1,4,3,4,2,2,2,2,3,4,4,3,4,3,3,3,2,2,2,2,3,4,4,4,3,4,3,3,1,2
114467394,5,5,5,4,1,4,5,5,5,1,4,1,1,3,4,3,1,2,1,1,1,2,1,5,5,5,3,3,3,3,4,4,4,4,4,5,5,5,5,3,3,3,1,2,2,2,2,2,3,3,2,3
114467395,4,2,5,2,1,2,4,2,4,4,1,1,1,2,3,2,2,2,2,2,2,2,1,2,1,1,3,3,3,3,2,3,4,3,3,5,5,5,5,1,3,2,4,4,3,4,3,4,3,2,2,2
114467396,2,1,2,5,4,4,1,2,2,2,3,3,2,3,3,2,1,2,2,3,1,2,1,5,4,4,3,2,2,3,2,4,5,4,3,5,4,5,2,1,2,3,4,5,4,5,4,5,2,2,3,3
114467397,2,2,5,1,2,2,4,1,4,4,2,1,2,2,3,3,1,2,2,2,1,2,1,2,1,1,2,2,3,2,1,4,3,3,2,5,5,5,3,2,3,2,5,4,5,4,4,4,2,2,2,2
114467398,1,5,2,5,1,5,5,5,5,1,1,1,1,1,3,4,1,1,1,1,1,1,1,4,4,4,3,2,3,3,1,4,4,3,3,5,5,5,3,3,3,3,2,3,3,3,3,3,2,2,2,2
114467399,4,2,4,2,4,4,1,2,4,2,3,1,2,3,3,3,2,2,1,2,2,2,1,4,1,2,4,3,2,3,3,4,4,4,4,5,5,5,3,2,3,3,3,3,3,3,3,3,3,3,2,3
114467400,2,1,5,4,4,4,1,1,1,2,4,4,3,3,2,3,4,2,2,2,1,2,1,2,1,1,4,2,1,2,2,3,3,3,3,3,4,3,1,2,2,2,4,3,3,4,3,4,2,3,4,2
114467401,1,2,4,4,1,2,5,4,5,4,1,1,1,2,3,4,1,2,1,1,1,2,1,5,4,4,3,2,3,3,1,4,4,4,4,5,5,5,5,2,3,1,2,3,2,3,3,3,2,2,2,2
114467402,2,2,5,2,2,2,2,2,4,2,2,1,1,1,3,1,1,1,1,1,1,2,1,4,4,4,2,1,2,3,1,4,4,3,2,4,4,2,2,1,2,1,2,3,2,3,2,3,1,1,3,3
114467403,4,1,5,4,4,2,1,1,1,1,3,3,3,1,1,3,4,2,1,1,1,2,1,4,1,1,3,3,3,2,2,4,3,3,2,4,3,3,2,1,2,2,2,2,2,2,2,3,2,2,2,2
114467404,4,1,5,2,1,1,4,2,4,1,2,1,1,2,3,3,2,2,2,2,1,3,1,2,1,1,3,3,2,3,2,4,4,3,3,5,5,3,3,2,3,2,3,4,3,3,3,3,2,2,3,3
114467405,2,2,4,4,2,4,2,4,4,2,2,1,1,3,4,3,1,2,1,2,1,2,1,4,2,2,3,3,3,2,1,3,3,3,2,5,5,2,2,2,3,3,3,4,4,5,3,4,2,2,2,2
114467406,2,4,5,4,2,4,4,4,4,5,1,1,1,3,4,4,1,2,1,2,2,3,1,5,5,4,4,3,2,3,4,5,5,4,4,5,5,5,5,3,3,3,2,3,2,2,2,2,3,3,3,3
114467407,4,1,5,4,4,2,1,1,1,1,3,3,3,2,3,3,3,2,2,2,1,2,1,1,1,1,2,2,2,3,1,4,3,3,2,3,3,2,1,1,2,2,4,5,4,5,4,4,1,2,3,3
114467408,2,2,5,4,4,2,2,1,2,2,3,3,3,1,1,3,2,2,2,1,1,2,2,2,1,2,2,1,2,2,1,4,3,3,3,4,3,2,2,1,2,2,3,4,3,3,3,4,1,1,4,3
114467409,4,1,5,2,2,2,1,1,1,2,3,2,2,1,2,3,2,2,1,2,1,2,1,1,1,1,2,2,2,2,1,3,3,2,2,5,5,2,2,1,2,2,4,4,4,5,4,5,1,1,3,2
114467410,2,4,5,2,1,4,4,4,5,5,1,1,1,3,4,2,1,2,1,2,2,2,1,5,4,4,3,3,3,4,3,4,4,4,4,5,5,5,3,2,3,3,3,3,3,2,2,3,2,3,4,3
114467411,4,5,5,4,1,4,4,2,4,1,1,1,1,3,3,3,1,2,2,2,2,3,1,4,4,4,3,3,2,3,2,4,4,4,4,5,5,5,3,3,3,3,3,3,2,3,3,3,2,3,3,3
114467412,2,4,1,4,5,4,1,5,1,1,4,4,4,3,3,3,4,1,1,1,1,2,1,5,5,4,1,2,3,2,4,5,4,4,4,3,4,2,1,3,3,3,2,3,3,3,2,3,3,3,1,2
114467413,4,1,5,1,2,2,4,1,4,4,1,1,1,1,3,2,1,1,1,2,1,2,1,4,2,2,4,3,2,3,2,3,4,3,3,5,5,5,2,1,2,3,2,3,2,2,2,2,1,2,3,2
114467414,4,1,5,4,4,2,2,1,2,2,2,2,1,3,3,4,3,2,1,2,2,2,2,4,1,2,3,3,3,3,3,4,5,4,4,5,5,5,2,2,3,3,3,3,3,3,2,3,2,3,4,3
114467415,2,5,1,2,1,4,5,4,4,5,1,1,1,3,3,3,1,3,2,2,2,3,1,5,5,5,3,3,3,3,2,4,5,4,4,5,5,5,5,2,3,3,4,5,5,5,4,5,1,2,3,3
114467416,4,2,5,2,2,2,2,1,4,1,2,2,2,2,3,3,2,2,2,2,2,3,2,2,1,1,3,3,2,2,1,4,4,3,3,5,5,3,2,2,2,2,4,4,4,3,4,4,2,2,4,3
114467417,2,4,4,4,5,4,1,5,2,1,4,2,3,3,3,4,2,3,2,1,1,2,1,4,5,4,2,2,2,2,3,4,4,4,4,5,4,3,2,3,3,3,2,3,2,2,3,3,3,3,1,2
114467418,1,4,1,2,1,4,5,5,5,5,1,2,1,1,1,3,1,2,1,2,1,2,1,5,4,4,3,3,2,3,1,4,4,4,4,5,5,5,5,2,3,3,3,4,3,3,3,4,1,1,4,3
114467419,2,5,5,4,4,4,4,4,5,5,1,1,1,3,3,3,4,2,1,1,1,2,1,4,4,4,2,2,3,2,1,4,4,4,3,5,5,5,3,2,3,3,3,4,3,3,3,3,2,2,2,2
114467420,4,4,5,2,1,2,5,4,4,5,1,1,1,2,4,3,1,2,1,2,2,2,1,4,2,2,4,3,2,3,4,5,4,4,4,5,5,5,5,1,3,3,2,3,2,3,2,3,3,3,2,3
114467421,4,2,5,4,1,2,2,1,2,2,2,1,2,2,3,2,2,2,2,2,2,2,1,1,1,1,2,2,2,3,2,4,4,3,3,5,3,3,3,1,2,2,4,4,4,5,4,4,2,2,3,2
114467422,2,2,4,4,4,4,2,1,2,2,3,3,2,1,3,2,3,2,2,2,1,2,1,4,4,4,2,2,2,3,1,4,4,4,3,3,3,3,2,1,2,2,4,4,4,4,3,4,1,2,4,3
114467423,1,2,5,1,1,2,5,1,5,4,1,1,1,1,3,2,1,2,1,2,2,2,1,4,4,4,3,3,3,3,1,4,4,3,2,5,5,3,3,1,3,3,4,5,4,4,4,5,1,2,3,3
114467424,1,2,5,1,1,1,5,4,4,2,1,1,1,2,3,1,1,3,1,2,1,2,1,1,1,1,3,3,2,3,1,4,4,3,2,5,5,5,5,1,3,2,4,4,5,4,4,5,2,2,4,4
114467425,2,5,4,1,1,1,5,2,5,4,1,1,1,3,3,1,1,3,1,2,1,2,1,1,1,1,3,3,3,3,1,3,3,2,2,5,5,5,5,1,3,2,3,4,3,3,4,3,1,1,4,2
114467426,5,2,5,2,4,2,1,1,2,1,3,3,3,2,3,2,4,2,1,2,1,2,1,2,1,1,2,2,2,2,1,3,3,3,2,4,3,2,2,2,2,2,2,3,3,3,3,3,1,1,4,2
114467427,4,1,5,2,2,2,4,2,2,1,2,1,2,2,2,2,1,2,2,2,1,2,1,1,1,1,2,2,3,2,1,3,3,3,2,5,3,3,2,2,2,2,4,5,5,5,4,5,2,2,2,2
114467428,5,1,5,2,1,1,4,1,5,4,2,1,1,2,4,2,1,2,2,2,1,3,1,1,1,1,3,3,3,3,1,4,4,3,2,5,5,3,5,2,3,2,4,4,5,5,3,5,2,2,4,4
114467429,1,5,2,4,2,5,1,4,1,1,1,1,3,1,1,2,1,3,1,2,2,2,1,5,4,4,3,1,3,2,1,4,4,3,4,5,3,2,2,1,2,1,4,4,5,5,4,5,1,1,4,3
114467430,2,4,5,4,2,3,4,4,5,2,3,1,1,3,3,4,1,2,1,2,2,3,2,4,4,4,2,2,3,2,3,4,4,4,3,5,5,4,5,2,3,1,4,4,5,5,4,4,3,3,3,2
114467431,2,2,5,1,1,2,5,1,5,5,1,1,1,1,4,3,1,1,1,2,1,2,1,4,1,2,4,3,3,4,1,4,5,4,3,5,5,5,5,3,3,3,2,2,1,2,2,2,2,2,2,2
114467432,5,4,5,4,4,4,4,5,5,1,1,1,1,3,4,4,2,1,1,2,1,2,1,5,4,5,3,3,3,4,3,4,5,4,4,5,5,5,3,2,3,3,2,3,2,3,2,2,2,2,4,3
114467433,4,1,5,2,4,1,1,2,1,1,4,3,3,1,2,2,4,2,2,1,1,2,1,2,1,1,2,2,2,2,1,3,3,3,2,4,3,3,2,1,2,2,3,3,3,3,3,3,2,2,2,2
114467434,4,1,5,1,1,1,4,2,5,5,2,1,1,2,2,2,1,1,2,1,1,3,1,5,2,4,3,3,2,3,2,4,4,4,3,5,5,5,5,2,3,2,2,3,2,2,2,2,2,2,2,3
114467435,5,1,5,2,1,2,5,1,1,1,1,1,1,1,1,1,1,2,2,2,3,2,1,1,1,1,4,3,4,4,5,5,5,3,3,5,5,5,5,2,3,2,4,4,4,4,3,4,2,2,4,4
114467436,5,1,5,1,1,1,4,1,4,4,1,1,1,1,2,3,1,1,1,1,1,2,1,2,1,1,4,3,4,3,5,5,4,3,4,5,5,3,2,3,3,2,2,2,1,2,2,2,2,3,4,4
114467437,2,1,3,4,4,2,1,1,1,1,4,3,3,1,1,1,1,2,1,1,1,2,2,1,1,1,4,4,4,4,5,5,5,5,5,5,5,5,5,1,2,2,4,5,4,5,5,5,4,4,4,4
114467438,4,1,5,4,4,2,2,1,1,2,4,3,4,1,1,3,3,2,1,1,1,1,1,4,2,1,1,1,2,2,2,3,3,3,3,3,3,2,2,2,2,2,3,3,3,3,3,3,2,2,2,2
114467439,2,2,5,2,1,2,4,2,4,5,3,1,2,1,1,2,1,1,2,1,2,2,1,2,1,1,1,1,2,2,1,3,3,3,2,5,4,3,3,1,2,2,5,5,5,5,4,4,1,1,4,2
114467440,4,3,5,1,1,1,5,3,3,3,1,1,1,1,1,2,2,3,2,2,1,4,2,2,1,2,4,4,4,4,5,5,5,5,5,5,5,5,5,3,3,3,2,3,2,3,3,4,3,3,4,4
114467441,2,1,5,2,1,1,4,2,5,5,1,1,1,2,3,3,1,3,2,2,2,2,2,2,1,1,3,3,2,3,3,4,5,4,3,5,5,5,5,3,3,2,4,5,4,5,4,4,3,3,1,3
114467442,4,2,5,2,1,2,4,2,5,4,2,1,1,2,2,2,1,2,1,1,1,2,1,4,2,2,3,2,3,3,3,4,4,4,3,5,5,5,5,2,3,2,3,3,2,3,3,3,2,2,3,2
114467443,2,2,5,4,4,4,1,1,1,1,3,4,3,1,2,3,4,2,2,2,2,2,2,4,1,2,4,3,3,2,5,5,5,3,3,5,5,3,2,2,2,2,4,5,4,4,4,5,2,2,4,4
114467444,2,5,2,5,4,4,1,4,1,1,3,4,3,2,2,2,4,2,2,1,2,2,1,4,4,4,1,1,2,2,3,3,3,4,4,4,3,3,3,2,2,1,2,3,3,3,3,3,3,2,1,1
114467445,2,1,5,4,4,2,1,1,1,1,3,3,3,2,3,3,4,1,1,2,1,2,1,1,1,1,1,2,2,1,3,3,3,3,2,4,3,3,2,2,2,2,3,3,3,4,3,4,2,3,2,2
114467446,3,2,5,1,1,1,4,1,4,4,1,1,1,1,2,2,1,2,3,2,3,3,2,1,1,1,4,4,4,4,5,5,5,5,4,5,5,5,5,2,2,2,3,4,3,3,3,4,3,3,4,4
114467447,1,2,2,4,4,4,1,4,1,2,3,3,3,1,1,3,2,2,1,1,1,2,1,4,2,1,2,2,2,2,1,3,3,3,2,3,3,2,1,1,2,3,3,4,3,4,4,4,1,1,4,2
114467448,4,1,5,2,1,1,2,1,4,4,3,2,1,2,3,3,1,2,1,2,1,2,1,1,1,1,2,1,3,2,2,3,3,3,2,5,5,3,3,2,2,2,4,5,5,5,5,5,2,2,4,2
114467449,3,1,5,2,1,1,4,1,4,2,2,1,1,1,3,3,4,3,2,2,3,3,3,2,1,1,4,4,4,3,5,5,5,5,5,5,5,5,5,2,4,2,3,5,3,3,5,5,3,3,4,4
114467450,4,1,5,1,3,2,2,1,1,2,3,2,3,1,3,2,3,2,2,2,2,2,2,1,1,1,3,3,2,3,1,4,4,3,2,5,5,5,2,1,2,2,4,5,5,5,4,4,2,2,3,2
114467451,5,2,5,2,1,4,5,2,5,5,1,1,1,1,4,1,1,3,1,2,2,2,1,2,1,1,3,3,2,3,1,3,4,3,3,5,5,5,5,1,4,3,3,4,3,4,3,3,2,2,4,3
114467452,2,2,2,4,2,4,2,2,2,2,1,1,3,2,4,2,1,3,1,1,1,2,1,5,4,4,3,2,2,3,2,4,4,4,4,5,5,3,2,3,3,3,4,5,5,5,3,4,3,3,1,2
114467453,5,1,5,4,4,4,1,1,1,2,4,3,3,2,2,3,4,2,2,2,2,2,2,1,2,1,2,2,2,2,1,4,3,3,4,3,3,2,2,2,2,2,3,4,3,3,3,3,3,3,2,3
114467454,2,1,2,4,5,4,1,1,1,1,4,3,3,3,3,3,4,1,1,1,1,2,1,4,4,2,2,2,2,2,3,4,3,3,3,4,4,2,2,2,2,2,3,4,3,3,3,3,2,2,3,2
114467455,1,5,2,5,5,4,1,3,1,1,3,4,4,2,3,1,3,2,1,1,1,2,1,4,4,5,4,4,3,3,5,5,5,4,4,5,5,5,2,3,3,2,3,5,4,4,4,4,2,3,4,4
114467456,5,1,5,2,3,2,1,1,4,5,1,2,2,2,3,2,1,2,1,1,1,1,1,4,2,2,3,2,3,3,4,4,3,3,3,5,5,5,2,3,3,3,2,2,1,2,2,2,2,3,1,1
114467457,2,2,2,4,1,4,5,5,5,5,1,1,2,2,1,3,1,2,2,2,2,3,1,4,4,4,3,3,3,3,3,4,4,4,4,5,5,3,3,1,3,3,4,5,5,5,3,5,3,3,4,3
114467458,3,1,3,3,4,3,2,3,3,1,3,3,3,2,3,3,3,3,2,3,3,3,3,2,1,2,4,4,4,4,5,5,5,5,5,5,5,5,5,4,3,2,3,5,3,4,3,5,3,3,4,4
114467459,1,4,4,2,4,5,4,5,5,1,4,1,1,2,3,2,1,2,2,1,2,2,1,5,5,5,3,2,3,3,4,4,4,4,4,5,5,5,3,3,3,1,4,4,4,5,3,4,2,3,3,3
114467460,4,1,5,4,5,2,1,1,1,1,3,4,2,2,2,3,1,2,1,1,1,2,2,2,1,2,2,1,2,2,2,3,4,3,3,4,3,3,2,2,2,2,3,3,2,3,3,3,1,2,3,3
114467461,5,1,5,2,4,2,1,1,2,1,3,3,1,2,2,3,4,2,2,2,2,3,2,1,1,1,4,4,4,4,5,5,5,5,4,5,5,5,5,3,4,2,5,5,4,5,5,5,3,2,4,4
114467462,2,2,5,2,1,1,4,2,4,4,2,1,1,2,3,2,1,2,1,2,2,2,1,4,4,2,2,2,3,3,3,4,4,4,4,5,5,5,5,2,3,2,3,3,3,3,3,3,2,2,1,2
114467463,4,1,5,5,4,4,1,1,1,1,4,4,4,1,2,3,4,1,1,1,1,1,1,5,4,5,2,1,2,2,1,4,4,4,4,4,3,2,1,2,2,1,3,3,3,3,4,3,1,1,4,3
114467464,3,3,2,4,1,3,4,3,4,3,3,1,1,3,3,2,2,2,1,2,1,2,2,4,1,2,4,4,4,4,5,5,5,5,5,5,5,5,5,4,4,2,3,5,2,3,5,5,4,4,4,4
114467465,4,2,5,3,4,2,1,1,1,2,3,4,4,1,2,3,3,2,2,2,2,2,1,1,1,1,2,1,2,2,1,4,3,3,3,4,3,3,2,1,2,2,4,5,5,5,3,5,2,2,3,3
114467466,2,2,2,2,2,2,5,1,4,5,3,1,2,2,3,3,1,2,2,2,2,2,1,2,2,1,2,2,3,3,3,4,4,4,3,5,5,5,5,3,3,2,4,4,4,4,3,4,2,3,3,3
114467467,3,1,5,1,1,2,2,2,3,3,1,1,2,1,3,1,2,2,2,1,2,2,2,2,1,2,4,4,4,4,5,5,5,5,5,5,5,5,5,3,3,2,2,3,2,3,3,3,2,3,4,4
114467468,4,1,5,4,5,2,1,1,1,1,2,2,3,2,3,4,3,2,1,1,1,2,1,2,1,1,3,2,2,2,3,3,3,3,3,4,4,3,2,1,1,3,3,4,3,4,3,3,2,2,2,2
114467469,5,1,5,4,4,2,1,1,1,1,3,3,2,1,2,2,4,2,1,1,1,2,1,2,1,1,2,2,2,3,2,4,4,3,3,3,3,3,1,2,1,2,2,3,2,3,2,2,2,2,4,3
114467470,5,1,2,4,5,4,1,1,1,1,4,3,3,2,3,3,3,1,1,1,1,2,1,2,2,2,3,2,2,2,3,4,3,4,4,4,3,3,1,1,3,2,2,3,3,3,2,3,3,3,2,3
114467471,2,2,5,2,1,4,4,1,4,5,1,1,1,1,1,1,1,2,2,1,1,2,1,2,1,1,2,2,2,3,1,3,4,3,2,5,5,5,5,1,3,2,3,3,3,3,3,3,1,2,2,2
114467472,5,1,5,4,4,2,1,2,2,2,3,4,1,2,3,3,2,2,2,1,1,2,1,2,2,2,2,2,2,2,3,4,4,4,4,5,3,3,2,2,3,2,3,3,3,3,3,3,3,3,2,3
114467473,4,1,5,4,4,2,1,2,2,1,3,3,3,2,1,2,4,2,2,2,2,2,1,2,2,2,4,3,4,3,5,5,5,4,4,5,5,2,2,2,3,2,3,3,3,3,3,3,2,2,4,4
114467474,1,4,1,5,5,5,1,4,1,1,4,4,4,3,3,4,4,1,1,1,1,1,1,5,5,4,4,2,4,2,4,4,4,4,3,5,5,5,2,4,3,1,4,4,3,4,3,5,3,2,2,1
114467475,4,2,5,2,2,2,1,2,2,2,3,2,2,1,2,3,4,1,2,2,2,2,1,2,1,1,2,1,2,2,1,3,3,3,2,3,3,2,2,2,2,2,3,3,3,3,3,3,1,1,4,2
114467476,3,2,5,1,2,1,1,1,3,1,4,1,2,1,1,2,2,2,3,3,3,3,3,2,1,1,4,4,4,3,5,5,5,5,5,5,5,5,5,4,4,2,3,5,2,3,3,5,4,3,4,4
114467477,4,2,5,4,4,2,1,2,2,2,3,2,3,2,3,2,3,2,1,1,2,2,1,2,1,1,1,1,2,2,2,3,3,3,2,3,3,3,2,2,2,2,3,4,3,4,3,3,2,2,2,2
114467478,1,2,5,5,1,4,5,5,5,5,1,1,1,1,1,3,1,1,1,1,1,2,1,5,5,4,3,3,3,3,1,4,4,4,4,5,5,5,5,2,3,1,2,2,2,2,2,3,2,2,3,3
114467479,1,5,3,1,1,1,5,3,5,3,1,1,1,1,1,1,1,1,1,1,1,4,1,4,4,4,4,4,4,4,5,5,5,5,5,5,5,5,5,3,4,1,2,5,1,2,2,3,4,3,4,4
114467480,4,1,5,1,4,2,1,1,4,2,1,1,2,2,3,3,2,2,1,1,2,2,1,1,1,1,4,3,3,3,1,4,5,3,3,5,5,5,3,2,3,2,4,5,4,5,3,4,2,3,2,3
114467481,4,1,5,2,4,2,2,1,2,2,2,3,1,2,3,3,4,2,1,2,1,2,1,1,1,1,4,2,2,3,2,4,4,3,3,5,5,5,3,1,2,2,3,3,3,4,3,3,2,2,4,3
114467482,1,2,2,4,4,4,1,1,1,1,4,3,4,2,2,3,3,2,1,2,2,2,1,4,4,2,1,1,2,1,1,3,3,3,3,3,3,2,2,1,2,2,4,5,4,5,4,4,3,2,2,2
114467483,1,5,1,5,4,4,5,5,5,2,1,1,1,3,3,3,1,3,1,1,1,2,1,5,4,4,2,2,2,2,4,4,4,4,4,5,5,5,3,3,3,3,3,4,3,3,3,3,3,3,2,2
114467484,4,1,5,1,1,2,3,1,4,5,2,1,1,3,3,2,4,2,2,2,1,2,1,1,1,1,2,2,2,2,2,3,4,3,3,5,5,3,3,2,3,2,4,5,5,5,4,4,2,2,4,2
114467485,1,5,3,2,2,2,4,3,4,3,1,1,1,2,2,1,2,3,2,2,2,2,2,4,2,4,4,3,4,4,5,5,5,5,4,5,5,5,5,2,3,1,3,4,3,3,3,3,3,3,4,4
114467486,2,2,3,4,5,4,1,2,1,2,4,3,4,2,1,2,2,2,1,2,2,2,1,4,4,2,4,3,3,3,5,4,5,4,4,5,5,3,1,2,3,3,4,4,4,5,4,5,1,1,4,4
114467487,2,2,5,2,1,4,5,4,5,5,1,1,1,3,3,1,1,2,1,1,1,2,1,4,4,4,3,3,3,3,3,4,4,4,4,5,5,5,5,2,3,1,2,2,2,3,2,3,2,3,1,2
114467488,1,1,5,4,5,4,1,2,1,2,4,4,3,2,3,3,1,1,2,2,1,2,1,4,4,4,2,2,3,2,4,4,4,4,4,4,4,3,2,3,2,3,4,5,5,5,4,5,3,3,3,3
114467489,1,5,5,1,1,1,5,2,5,4,1,1,1,1,1,1,2,2,1,2,1,2,1,4,2,4,2,1,2,3,1,3,4,3,2,5,5,5,5,1,3,1,2,3,2,3,3,3,1,1,3,2
114467490,4,1,5,4,4,4,1,1,1,1,4,3,3,1,2,3,3,1,1,1,1,2,1,4,2,2,2,1,2,2,2,4,3,3,4,3,3,3,2,1,2,2,3,3,3,3,3,3,2,2,3,2
114467491,4,2,5,2,2,2,2,2,2,2,2,2,2,1,2,2,2,2,2,2,2,2,2,1,1,1,2,2,2,2,1,4,3,3,3,3,3,2,2,2,2,2,4,5,4,4,3,4,1,2,4,3
114467492,4,1,5,4,4,2,1,1,1,2,4,4,3,1,2,2,1,2,1,2,1,2,1,2,1,1,2,2,2,2,1,3,3,3,2,4,3,2,1,1,2,2,4,5,5,5,4,5,1,1,4,2
114467493,5,1,5,2,4,2,1,1,2,1,2,3,2,1,3,3,3,2,2,2,2,2,2,1,1,1,4,3,3,3,5,5,5,3,3,5,5,2,2,2,3,2,3,5,4,4,4,4,2,2,4,4
114467494,4,1,5,4,2,2,1,1,1,1,3,3,3,2,2,3,3,2,2,2,2,2,1,1,1,1,2,1,2,2,1,3,2,3,2,3,3,2,2,2,2,2,4,5,5,5,4,5,2,1,3,2
114467495,2,2,5,1,1,2,4,4,4,5,1,1,2,3,3,3,1,2,2,2,2,3,2,1,2,1,2,2,3,2,3,4,4,3,3,5,5,5,3,3,3,2,4,4,5,5,4,4,2,2,2,2
114467496,5,1,5,4,4,1,1,1,1,1,4,3,3,2,2,3,4,1,1,1,1,2,1,2,1,1,2,1,2,2,2,3,3,3,3,3,3,3,2,1,2,2,3,3,2,2,2,2,2,2,2,2
114467497,3,3,5,3,2,2,4,3,3,4,2,1,1,1,3,1,1,4,3,2,1,3,1,2,2,2,4,4,4,4,5,5,5,5,5,5,5,5,5,4,3,2,4,5,3,5,5,5,4,3,4,4
114467498,2,3,2,5,5,4,1,1,1,1,4,4,4,1,4,3,4,2,1,1,1,3,2,4,5,5,4,4,4,3,5,5,5,5,4,5,5,5,5,4,3,1,2,4,3,4,4,3,3,3,4,4
114467499,2,4,5,2,1,4,4,4,5,5,1,1,1,3,4,3,1,2,1,2,2,2,1,4,4,2,4,3,3,3,3,4,4,4,4,5,5,5,3,3,3,3,3,3,3,3,3,3,3,3,3,3
114467500,2,1,5,2,2,2,2,1,4,2,2,1,1,2,3,2,2,2,1,2,2,2,1,2,1,1,4,3,2,3,1,4,4,3,2,5,5,3,2,2,3,2,4,5,5,5,4,4,2,2,4,3
114467501,5,1,5,4,4,4,1,2,1,2,3,3,3,2,3,3,1,2,1,2,1,2,1,1,2,1,2,2,2,2,3,4,4,3,3,3,4,3,2,2,3,2,3,4,3,3,3,3,2,2,2,2
114467502,4,2,5,2,2,2,2,1,2,2,2,1,1,2,2,2,1,2,2,2,2,2,1,1,1,1,3,2,2,2,2,3,4,3,2,5,4,5,2,2,3,2,3,4,3,3,3,3,2,2,2,2
114467503,1,5,1,4,4,4,2,4,5,2,1,1,2,2,3,3,2,2,1,1,2,2,1,5,4,2,4,3,2,3,2,3,4,4,3,5,5,3,3,2,3,3,3,3,3,4,3,3,3,2,1,2
114467504,5,1,5,2,1,1,4,1,4,4,2,1,1,2,3,2,2,2,2,2,2,3,1,1,1,1,4,3,3,3,1,4,4,3,3,5,5,5,3,2,2,2,5,5,4,4,3,4,2,2,4,4
114467505,4,5,5,2,1,4,5,4,4,4,1,1,1,3,4,2,1,2,1,2,2,3,1,4,4,4,3,3,3,3,4,4,4,4,4,5,5,5,5,3,3,3,2,3,3,2,2,3,2,2,1,2
114467506,4,2,5,2,2,4,2,2,4,5,3,1,1,2,2,2,1,2,2,2,2,2,2,2,1,1,2,2,2,2,3,4,4,3,3,5,4,2,3,2,3,2,3,4,3,3,3,3,2,2,2,3
114467507,1,4,1,4,1,4,5,4,5,2,1,1,1,1,3,3,1,2,1,1,1,2,1,4,4,5,2,2,2,2,1,4,4,4,4,5,5,5,4,3,3,2,2,3,3,4,4,3,2,2,3,2
114467508,5,1,5,1,1,2,4,2,4,5,1,1,2,2,3,3,3,2,2,2,2,2,1,1,1,1,2,1,2,2,2,3,3,2,2,5,5,5,3,2,3,2,3,3,3,3,3,4,2,2,2,2
114467509,2,4,5,4,2,2,5,2,4,2,3,1,2,2,2,2,1,2,1,2,1,2,2,4,4,4,2,2,2,3,3,4,4,4,3,5,5,5,2,2,3,1,2,3,2,2,3,3,2,2,3,2
114467510,5,1,3,1,4,3,1,1,3,1,3,3,1,2,3,1,3,3,3,3,2,3,2,1,1,1,4,4,4,4,5,5,5,5,5,5,5,5,5,2,2,2,5,5,4,5,4,5,3,3,4,4
114467511,3,2,5,4,4,1,1,3,1,1,3,3,3,2,3,2,4,2,2,2,2,3,2,2,2,2,4,3,4,3,5,5,5,4,4,5,5,3,5,3,1,2,4,5,4,4,4,5,3,3,4,4
114467512,2,1,5,4,4,4,2,2,2,3,3,3,3,3,3,1,3,2,2,2,2,2,2,4,4,3,4,4,3,3,5,5,5,4,5,5,5,5,2,3,3,3,3,3,3,3,3,3,3,3,4,4
114467513,4,1,5,2,2,2,1,1,2,1,1,1,1,1,2,2,1,2,2,2,1,2,1,1,1,1,4,3,3,3,1,4,4,3,3,5,5,3,2,1,2,2,4,5,5,5,3,5,1,2,4,4
114467514,5,2,5,2,1,1,4,1,5,2,1,1,1,2,3,3,1,2,2,2,2,2,1,1,1,1,3,3,3,3,1,4,4,3,2,5,5,5,3,1,3,2,5,5,5,5,3,4,2,3,4,4
114467515,1,5,5,4,1,2,5,4,5,5,1,1,1,1,1,3,1,1,1,1,1,2,1,5,4,4,3,2,1,3,1,4,4,4,3,5,5,5,5,1,3,3,2,3,2,2,3,3,1,2,3,3
114467516,5,1,5,1,1,1,5,1,4,1,1,1,1,1,1,2,2,2,1,2,1,2,1,2,1,1,2,3,3,3,3,4,5,3,3,5,5,5,3,1,3,2,2,3,2,2,2,2,3,3,1,2
114467517,4,1,5,4,4,2,1,1,1,1,4,4,4,1,2,1,2,2,1,1,1,2,1,2,1,1,3,2,3,3,3,4,3,3,3,5,5,3,2,2,2,2,2,3,2,3,2,3,2,3,1,3
114467518,1,4,4,4,4,2,1,4,2,2,1,1,1,2,3,3,1,2,1,2,1,2,1,4,4,4,3,3,3,3,2,3,4,4,3,5,5,5,3,3,3,3,2,3,2,3,3,3,3,3,1,2
114467519,1,5,2,4,1,4,5,5,5,5,1,1,1,3,4,4,1,2,1,2,1,3,1,5,4,4,3,3,2,3,3,4,5,4,3,5,5,5,5,1,3,1,2,3,3,4,4,3,3,2,3,2
114467520,2,2,2,1,1,2,5,2,5,4,1,1,1,1,1,1,1,2,2,2,2,2,1,1,1,1,2,3,3,3,1,3,4,3,2,5,5,5,5,2,4,2,3,3,3,4,3,4,2,2,2,2
114467521,5,1,5,1,1,1,4,1,4,5,1,1,1,2,3,1,1,2,2,1,2,2,1,2,1,1,3,3,2,3,1,4,4,3,3,5,5,5,3,1,3,2,2,3,2,3,2,3,2,2,2,3
114467522,4,4,5,4,1,4,5,4,5,5,1,1,1,2,1,1,1,2,1,1,1,2,1,5,4,5,3,3,2,3,3,4,4,4,4,5,5,5,5,3,3,3,2,2,2,2,2,2,2,3,2,3
114467523,4,4,5,2,1,1,5,4,5,5,1,1,1,2,1,3,1,3,1,1,1,1,1,4,4,4,4,3,4,3,4,4,4,4,4,5,5,5,5,1,3,1,2,2,2,2,2,2,3,3,1,2
114467524,2,2,5,4,4,2,1,1,1,1,3,3,3,1,2,3,4,1,2,1,1,2,1,1,1,1,2,1,2,2,1,3,3,3,3,3,3,3,2,1,2,2,4,4,4,4,4,4,2,2,3,2
114467525,2,3,3,4,2,2,3,3,3,3,3,2,3,2,3,3,3,2,2,2,2,3,2,4,2,4,4,4,4,4,5,5,5,4,5,5,5,5,5,3,3,1,4,4,4,5,3,4,2,3,4,4
114467526,4,1,5,2,4,2,2,1,4,2,3,2,2,1,3,2,1,1,1,2,2,2,1,4,4,4,4,3,4,4,5,5,5,5,4,5,5,5,3,2,3,2,2,2,1,2,3,2,3,3,4,4
114467527,3,3,3,1,5,2,1,3,2,2,3,3,3,2,2,1,3,2,2,2,1,2,2,4,2,2,4,4,4,4,5,5,5,5,4,5,5,5,5,2,2,3,3,3,3,3,3,3,3,3,4,4
114467528,1,1,2,5,5,4,1,1,1,1,4,4,3,1,2,1,4,2,1,2,1,2,2,5,4,4,4,2,4,4,5,5,5,4,4,5,5,3,2,3,3,2,3,4,3,4,4,3,2,2,4,4
114467529,2,2,5,2,4,2,1,2,2,2,3,2,3,2,2,3,2,2,2,2,2,2,1,1,1,1,1,2,2,2,1,3,3,3,2,3,3,3,2,2,3,2,4,5,5,4,4,4,2,2,2,2
114467530,4,2,5,2,2,2,3,1,2,2,3,2,2,2,2,2,2,2,2,2,2,2,1,2,1,1,2,2,2,2,1,4,4,3,3,5,5,5,2,2,2,2,3,4,3,3,3,3,2,2,4,3
114467531,2,5,2,2,4,2,2,1,3,1,4,4,1,1,1,4,2,2,2,2,2,2,1,4,2,4,4,3,4,4,5,5,5,4,4,5,5,5,3,3,3,1,3,4,3,3,3,3,2,3,4,4
114467532,2,2,4,4,1,2,4,4,5,1,1,1,1,2,2,3,2,1,1,1,1,2,1,5,4,4,4,2,3,3,5,4,4,4,3,5,5,5,5,4,3,1,2,2,1,2,2,3,3,3,2,2
114467533,3,2,3,1,1,1,5,3,4,3,2,1,1,3,3,4,2,3,1,3,1,3,2,4,2,2,4,4,4,3,5,5,5,4,4,5,5,5,5,3,4,1,3,3,2,2,3,3,3,3,4,4
114467534,2,3,1,4,4,2,1,3,3,1,3,4,3,1,1,3,1,3,2,1,1,3,1,4,4,5,4,4,4,3,5,5,5,5,4,5,5,5,5,2,4,1,2,4,3,3,3,3,3,2,4,4
114467535,2,2,2,4,2,4,4,2,2,2,1,2,2,2,2,2,1,3,1,2,1,2,1,4,4,4,4,3,3,3,1,4,4,4,4,5,5,3,2,2,3,3,5,4,5,5,4,4,1,2,3,3
114467536,2,5,5,5,4,4,1,1,5,2,4,4,2,2,2,3,1,1,1,1,1,2,1,5,5,5,2,1,2,2,2,4,4,4,3,5,5,5,3,2,3,1,2,3,2,3,3,3,2,2,2,2
114467537,1,1,3,2,4,2,2,2,3,2,3,3,2,3,3,3,2,2,2,2,2,2,2,1,1,2,4,3,4,3,5,5,5,5,4,5,5,3,5,2,3,1,3,4,3,3,3,4,3,2,4,4
114467538,3,3,3,1,1,1,5,3,3,3,1,1,3,1,3,2,1,3,3,3,3,3,2,2,2,3,4,4,4,4,5,5,5,5,5,5,5,5,5,2,3,2,4,5,5,5,4,5,3,4,4,4
114467539,5,1,5,2,4,2,1,1,1,1,3,2,3,1,2,3,2,2,1,2,1,2,2,1,1,1,3,1,3,2,3,5,3,3,3,5,5,3,2,2,2,2,4,4,4,4,3,4,2,2,3,3
114467540,1,4,5,2,1,2,1,3,3,3,1,2,1,1,2,1,2,3,2,2,3,2,2,4,2,4,4,4,4,4,5,5,5,5,4,5,5,5,5,2,4,2,4,5,4,5,4,5,2,3,4,4
114467541,4,1,5,2,4,2,2,1,3,2,2,1,1,3,3,2,2,2,2,2,2,2,1,1,1,1,3,2,2,3,3,3,3,3,3,5,5,3,2,2,2,2,4,4,3,3,3,3,2,2,2,3
114467542,4,2,5,4,2,4,4,2,4,1,3,2,2,2,3,3,2,2,2,2,2,2,1,4,4,4,4,2,3,4,3,4,4,4,4,5,5,3,2,3,3,1,3,3,3,3,3,3,2,3,2,3
114467543,4,2,5,2,2,2,4,2,4,4,1,1,2,2,3,3,1,2,1,2,2,2,1,1,1,1,4,3,3,4,1,4,4,3,2,5,5,5,2,3,3,2,3,4,4,3,3,4,1,2,3,3
114467544,4,2,5,2,2,4,2,1,2,5,2,1,2,1,2,2,2,2,2,1,1,2,1,2,1,1,2,2,2,2,2,4,4,3,2,5,5,3,2,2,3,2,3,3,2,3,2,3,2,2,1,2
114467545,2,4,5,1,1,2,4,2,5,5,1,1,1,2,2,1,4,2,2,2,1,2,1,2,1,1,2,2,3,3,1,4,4,4,2,5,5,5,5,1,3,2,3,4,3,3,4,4,2,2,3,2
114467546,2,4,2,5,4,4,1,4,2,1,3,3,4,2,3,3,3,2,1,1,2,2,1,4,4,4,2,1,1,2,3,3,4,3,4,3,3,3,2,2,2,2,3,4,3,4,4,4,3,3,2,2
114467547,3,3,5,5,1,2,4,5,4,5,2,1,1,2,3,1,1,1,1,2,1,2,1,5,4,4,2,2,3,3,3,4,4,4,4,5,5,5,3,2,3,3,2,3,2,2,2,2,3,3,2,3
114467548,2,2,2,5,5,5,1,1,1,1,4,4,4,3,1,3,2,3,1,1,1,2,1,5,5,4,2,1,2,2,2,4,4,4,4,5,3,3,2,3,2,1,3,5,4,5,4,5,2,2,2,2
114467549,2,1,5,1,1,2,5,5,5,5,1,1,1,1,3,1,1,2,1,1,1,3,1,4,2,2,4,3,3,3,3,5,5,4,4,5,5,5,5,3,3,2,2,3,2,2,2,3,2,3,4,4
114467550,4,2,5,2,1,2,5,4,5,5,1,1,1,2,3,1,1,2,2,2,1,2,2,2,2,1,2,3,3,3,1,4,4,4,3,5,5,5,5,1,3,2,3,3,3,3,3,3,2,2,3,3
114467551,5,1,5,1,2,2,2,1,4,5,2,2,1,2,3,3,3,2,1,1,1,2,1,1,1,1,3,3,2,3,3,4,3,2,2,5,5,5,3,2,3,2,3,4,3,3,3,4,2,2,3,3
114467552,5,1,5,2,1,1,4,1,4,4,1,1,2,2,3,3,2,2,2,2,2,2,1,1,1,1,3,2,3,3,3,4,4,3,3,5,5,3,3,2,3,2,3,3,3,3,3,3,3,3,2,3
114467553,4,2,5,4,2,2,1,1,2,2,3,2,1,2,3,2,2,2,1,2,2,2,1,2,1,1,3,2,2,2,2,3,3,3,2,5,5,3,2,1,3,2,4,5,4,5,5,5,2,2,3,2
114467554,2,2,5,2,1,4,4,2,4,4,1,1,1,3,3,2,1,2,2,2,2,2,1,4,1,2,3,3,3,3,1,4,4,3,3,5,5,5,5,3,4,2,4,4,5,5,4,4,2,3,2,2
114467555,4,1,5,2,2,1,2,1,4,2,1,1,1,1,3,2,1,2,2,2,2,2,1,2,1,1,4,3,2,4,1,4,4,3,3,5,5,5,2,2,2,2,4,4,4,4,4,4,1,2,4,4
114467556,2,5,5,5,4,4,1,4,5,1,3,2,3,3,3,4,1,2,1,1,1,3,1,4,4,5,3,2,2,3,4,4,5,4,4,5,5,5,3,3,3,1,3,3,3,3,3,3,3,3,2,2
114467557,5,2,5,2,3,2,1,1,2,2,3,2,2,1,1,1,2,1,1,1,1,1,1,4,2,2,3,2,2,2,2,4,4,3,3,4,3,3,2,1,2,3,2,3,2,3,3,3,1,2,4,3
114467558,4,1,5,1,1,1,4,1,4,4,1,1,1,1,1,1,1,2,2,2,2,2,1,2,1,1,3,2,3,3,1,4,4,3,3,5,5,3,5,1,3,2,3,3,3,3,4,3,2,2,3,3
114467559,1,5,1,1,1,2,5,5,5,5,1,1,1,1,4,2,1,2,2,2,1,4,1,5,5,5,4,3,3,3,2,4,5,4,4,5,5,5,5,1,3,3,4,5,4,5,4,4,1,2,4,3
114467560,2,4,4,2,1,4,5,2,4,2,1,1,1,3,3,2,1,2,1,2,1,2,1,4,2,4,4,3,3,3,2,4,4,4,3,5,5,5,5,1,3,2,3,4,3,4,4,4,2,2,2,3
114467561,4,1,5,4,4,1,2,1,1,2,3,3,2,1,1,2,4,1,1,1,1,1,1,2,1,1,2,1,2,2,3,3,3,3,3,5,3,2,3,2,2,2,2,3,2,2,2,2,3,3,2,2
114467562,1,3,5,2,4,1,2,1,4,4,1,2,1,3,3,4,1,2,2,3,3,3,2,1,1,2,4,4,4,3,5,5,5,5,4,5,5,5,5,3,3,2,4,5,3,5,4,4,3,3,4,4
114467563,2,2,5,4,1,5,5,2,5,5,1,1,1,4,4,2,1,1,1,2,1,1,1,5,5,5,4,3,3,4,4,4,5,4,4,5,5,5,5,3,4,3,2,2,1,2,2,2,3,3,2,2
114467564,5,1,5,1,1,1,4,2,4,2,1,1,1,1,2,1,2,2,1,1,1,2,1,1,1,1,4,3,3,3,2,4,4,3,2,5,5,5,5,2,3,2,3,3,2,2,2,3,2,2,3,3
114467565,2,5,4,2,2,4,5,4,5,4,2,1,1,2,3,1,1,2,1,2,1,2,1,4,2,4,4,3,3,3,1,4,5,4,3,5,5,5,2,2,3,3,3,3,3,3,3,3,1,2,4,3
114467566,4,1,5,4,2,2,2,2,3,2,2,2,2,1,2,3,2,2,1,1,1,2,1,4,2,2,4,2,3,3,3,3,4,3,3,5,5,3,2,3,3,2,3,3,3,3,3,4,2,2,2,3
114467567,4,1,4,1,1,4,4,1,5,5,1,1,1,2,4,3,4,2,1,2,2,3,1,2,1,1,4,3,3,3,1,5,4,3,2,5,5,5,5,3,3,2,5,5,5,5,4,4,3,2,3,2
114467568,2,2,5,1,1,1,5,2,5,5,1,1,1,2,2,1,1,3,1,1,1,2,1,2,1,2,4,3,3,3,1,4,5,3,3,5,5,5,5,3,4,1,2,3,2,3,3,3,2,2,3,3
114467569,4,2,5,2,2,2,2,1,2,2,4,2,2,2,3,4,4,2,2,2,2,2,1,2,1,1,3,2,2,3,3,4,4,3,3,5,5,2,2,2,3,2,4,4,5,5,3,4,2,3,4,3
114467570,2,4,5,4,1,4,5,4,4,5,1,1,1,1,2,2,1,2,1,2,1,3,1,5,4,4,4,3,3,4,5,5,5,4,4,5,5,5,5,3,3,3,2,3,2,2,2,3,2,3,4,4
114467571,5,1,5,1,1,2,4,1,4,5,1,1,1,1,1,2,1,1,1,1,1,2,1,2,1,1,3,3,3,3,3,4,4,4,3,5,5,5,5,3,3,2,2,2,2,2,2,3,3,3,2,3
114467572,2,1,5,2,1,1,4,2,4,2,1,1,2,1,2,2,1,2,2,2,2,2,2,1,1,1,1,1,2,2,3,3,3,3,2,5,5,3,3,2,3,2,4,5,4,5,5,4,2,2,2,1
114467573,5,1,5,4,4,1,1,1,1,1,4,3,4,1,1,2,1,1,1,1,1,1,1,4,1,1,4,2,2,3,3,3,2,3,2,5,3,3,2,1,2,2,2,3,2,3,3,3,2,2,3,1
114467574,2,2,5,5,1,1,5,4,5,5,1,1,1,3,3,3,1,3,1,1,1,2,1,5,5,4,4,3,3,3,3,5,5,4,4,5,5,5,5,3,4,1,2,2,2,2,2,2,2,3,1,3
114467575,1,2,5,1,1,2,2,4,5,5,1,1,1,2,1,1,1,3,1,2,2,3,1,4,2,4,4,3,3,3,2,4,4,4,3,5,5,5,2,2,3,3,3,3,3,3,3,3,1,1,4,4
114467576,1,2,5,5,4,2,2,1,4,2,1,3,2,2,2,1,4,1,1,1,1,2,1,5,5,4,3,3,3,3,4,4,4,3,4,5,5,5,3,2,3,3,2,3,2,2,2,1,3,3,1,2
114467577,2,2,5,4,5,4,1,1,1,2,4,3,4,1,2,3,4,2,1,1,1,2,1,1,1,2,2,1,2,2,1,3,3,3,2,4,3,2,2,1,2,2,5,5,5,5,4,5,1,2,4,2
114467578,1,2,1,4,4,4,1,1,1,3,3,4,3,1,1,3,4,2,1,1,1,1,1,5,4,4,4,3,3,3,5,5,5,5,4,5,5,3,2,2,3,1,2,3,2,3,3,3,2,2,4,4
114467579,1,1,5,4,4,4,1,2,2,1,3,3,2,2,2,2,2,2,1,2,2,2,2,2,1,1,3,3,2,3,1,4,4,3,3,5,5,3,2,1,3,2,5,5,5,5,4,4,2,2,4,4
114467580,4,2,5,2,2,4,4,1,4,2,2,1,1,3,4,2,2,2,2,2,1,2,1,4,2,2,3,3,3,3,3,4,4,4,4,5,5,5,3,3,3,1,2,3,3,3,3,3,3,3,1,2
114467581,5,1,5,2,5,2,1,1,1,2,3,4,3,1,2,2,4,1,1,2,1,2,1,1,1,1,2,2,1,2,2,3,3,3,3,4,4,2,2,1,2,2,4,4,4,4,3,4,2,2,4,4
114467582,5,1,5,2,2,2,2,1,2,2,3,2,2,1,2,2,2,2,2,2,1,2,1,2,1,1,2,1,2,2,1,3,4,3,2,5,3,2,2,2,2,2,3,3,3,3,2,3,2,2,3,2
114467583,5,4,2,2,1,4,5,2,5,5,1,1,1,3,3,3,2,1,1,2,2,3,1,4,4,4,4,3,3,4,4,5,4,4,4,5,5,5,5,2,3,1,3,3,3,3,2,3,3,3,4,4
114467584,1,4,2,4,4,4,1,4,2,1,4,3,4,1,4,3,4,2,1,2,2,2,1,5,4,4,3,2,3,3,1,4,4,4,4,5,3,3,2,3,3,1,4,4,4,4,3,4,1,2,3,3
114467585,5,1,5,4,4,2,1,1,1,1,4,3,4,2,3,3,4,2,1,1,1,2,1,1,1,1,3,2,2,3,2,4,4,3,3,5,5,3,2,2,2,2,3,4,3,3,3,3,2,2,3,4
114467586,5,2,5,2,1,4,4,2,4,4,1,1,1,2,3,3,2,2,1,2,2,3,2,1,1,1,3,3,3,3,2,5,4,3,2,5,5,5,5,1,3,2,4,5,4,5,3,4,2,2,3,2
114467587,5,1,5,1,1,1,5,1,5,4,1,1,1,1,3,2,1,2,1,2,1,2,1,2,1,2,4,3,4,3,5,5,5,4,4,5,5,5,5,1,3,2,2,3,2,2,2,3,2,3,4,4
114467588,2,2,2,4,1,2,4,2,4,2,2,1,1,3,3,4,1,2,1,2,1,2,1,4,1,2,3,3,3,3,3,4,4,4,4,5,5,5,5,3,3,2,3,4,3,4,3,3,3,3,2,2
114467589,4,1,5,1,2,1,2,1,4,2,2,1,1,1,3,1,1,2,1,2,1,2,1,2,1,1,4,3,3,3,3,4,4,3,3,5,5,5,2,2,3,2,3,3,3,3,3,3,2,3,4,3
114467590,4,1,5,2,2,1,1,1,2,1,3,2,2,2,2,2,3,2,2,2,2,2,1,1,1,1,2,2,2,2,3,3,3,3,2,5,3,2,2,2,3,2,4,4,4,5,4,4,2,2,2,2
114467591,1,2,4,2,1,2,4,1,4,4,1,1,1,1,2,1,1,2,1,2,1,2,1,2,1,1,1,1,2,2,1,3,3,3,2,5,5,5,3,1,3,2,3,3,3,3,3,3,1,1,3,2
114467592,4,1,5,4,4,2,1,1,1,1,4,4,3,2,1,1,4,2,2,1,1,2,1,2,1,1,3,2,2,2,2,4,4,3,4,4,3,2,2,1,2,2,3,3,2,3,3,3,2,2,3,3
114467593,4,1,5,2,2,2,2,1,1,1,3,3,3,1,1,2,3,2,1,1,1,2,1,2,1,2,4,2,3,3,2,4,4,3,3,5,5,2,2,2,2,2,3,3,3,3,2,3,1,1,3,3
114467594,1,5,2,2,1,4,5,4,5,5,1,1,1,3,3,3,1,2,1,1,2,2,1,4,4,4,3,3,3,3,1,4,5,4,4,5,5,5,5,3,3,1,3,5,4,4,4,4,2,2,3,2
114467595,2,2,2,2,2,2,4,4,4,2,2,1,1,1,2,4,2,2,2,2,2,2,1,4,4,4,2,2,2,3,1,4,4,4,4,5,4,3,3,1,3,2,5,5,5,5,4,5,1,1,4,3
114467596,1,4,2,4,4,4,1,5,1,1,4,4,3,3,3,4,4,2,1,1,2,2,1,4,4,5,3,2,3,3,3,4,5,4,4,5,4,3,2,2,2,3,4,5,5,5,3,4,2,2,3,3
114467597,4,1,5,2,4,2,1,1,2,2,2,2,1,2,2,2,2,2,1,1,2,2,1,2,1,1,3,2,3,2,1,4,4,3,3,5,5,3,2,1,2,2,3,3,3,3,3,3,2,2,4,3
114467598,5,1,5,2,2,1,2,1,4,2,2,1,2,2,2,2,1,2,2,2,2,2,1,1,1,1,2,2,2,3,1,4,4,3,3,5,5,3,3,2,3,2,3,3,3,3,3,3,2,2,3,3
114467599,4,1,5,1,2,1,2,2,4,1,3,1,2,2,2,2,1,2,2,2,1,2,1,2,1,1,3,2,2,3,1,4,4,3,2,5,5,5,2,2,2,2,4,5,4,4,4,5,2,2,4,4
114467600,4,1,5,2,1,1,2,1,4,2,1,1,1,1,3,3,1,2,1,2,1,2,1,2,1,1,3,3,2,3,3,4,4,3,2,5,5,3,3,2,3,2,3,3,3,3,3,3,2,2,4,3
114467601,2,2,5,4,1,1,4,1,4,4,1,1,1,2,1,1,1,2,1,1,1,2,1,4,1,4,2,3,3,3,4,4,4,4,3,5,5,5,5,2,3,3,2,2,2,2,2,2,3,3,1,1
114467602,2,2,5,1,1,4,5,1,4,5,1,1,1,1,3,2,1,2,1,2,1,2,1,2,1,1,3,3,3,3,1,4,4,3,2,5,5,5,5,2,3,2,2,3,2,2,3,3,1,2,4,2
114467603,5,1,5,2,1,1,2,1,4,4,2,1,1,2,4,2,2,2,1,2,1,2,1,1,1,1,4,3,2,3,2,4,4,3,3,5,5,5,2,1,2,2,4,5,5,4,3,4,2,2,4,3
114467604,5,1,5,1,1,1,5,1,4,4,1,1,1,1,3,2,2,2,2,2,2,2,1,1,1,1,4,3,3,3,1,5,4,3,2,5,5,5,5,2,3,2,4,4,4,4,3,4,1,2,4,3
114467605,4,1,4,2,2,4,4,1,4,4,2,1,1,2,2,2,1,2,1,1,1,2,1,5,4,4,3,3,3,3,3,4,4,4,3,5,5,5,3,3,3,1,2,3,2,2,2,3,2,3,2,2
114467606,4,1,5,4,4,4,1,1,1,1,4,4,3,1,1,3,3,2,2,2,1,2,1,2,2,1,2,1,2,2,1,3,3,3,3,4,3,2,1,1,2,2,4,4,4,4,4,4,1,2,4,2
114467607,4,1,5,2,2,1,2,1,4,2,2,1,1,1,1,2,2,1,1,2,1,2,1,4,1,1,4,4,3,4,5,5,5,4,4,5,5,5,2,2,2,2,2,3,1,2,2,3,2,2,4,4
114467608,2,4,3,4,4,4,2,5,3,1,3,4,3,3,3,3,1,2,1,2,2,2,1,2,1,1,4,3,3,2,5,5,5,4,4,5,5,3,2,2,3,3,5,5,5,5,4,5,3,2,4,4
114467609,2,2,4,2,1,2,4,2,4,4,1,1,2,2,1,3,1,2,2,2,2,2,1,2,2,1,2,2,3,2,2,4,4,4,4,5,5,3,3,2,3,2,4,5,4,4,3,5,2,2,3,3
